"","Nome","Posição","Clube","Preço","J","Média","Últ. Pont.","Variação","RB","G","A","SG","FS","FF","FD","FT","DD","DP","GC","CV","CA","PP","GS","FC","I","PE"
"1","Rodriguinho","MEI","Corinthians","24,64",4,"10,95","0,00","0,00",4,4,1,0,10,2,1,0,0,0,0,0,0,0,0,8,0,10
"2","Rafael","GOL","Cruzeiro","7,71",1,"10,50","0,00","0,00",0,0,0,1,0,0,0,0,2,0,0,0,0,0,0,1,0,0
"3","Arrascaeta","MEI","Cruzeiro","17,70",5,"9,82","0,00","0,00",13,1,2,0,12,6,7,1,0,0,0,0,1,0,0,10,0,12
"4","Everton","ATA","Grêmio","16,36",5,"9,76","10,90","1,34",9,1,3,0,9,8,4,1,0,0,0,0,1,0,0,4,0,8
"5","Trauco","LAT","Flamengo","7,34",2,"9,75","0,00","0,00",4,0,2,1,0,0,1,0,0,0,0,0,0,0,0,3,0,4
"6","Thiago Rodrigues","GOL","Paraná","6,70",2,"9,60","7,70","0,22",0,0,0,2,1,0,0,0,3,0,0,0,0,0,0,0,0,1
"7","Gustavo Blanco","MEI","Atlético-MG","18,71",6,"9,42","6,30","-0,41",29,0,3,0,1,2,6,2,0,0,0,0,3,0,0,15,1,11
"8","Anselmo","MEI","Sport","18,09",7,"9,31","26,20","4,93",34,2,0,0,13,3,1,1,0,0,0,0,1,0,0,18,0,13
"9","Arthur","MEI","Grêmio","16,80",4,"9,22","0,00","0,00",11,1,1,0,17,1,0,0,0,0,0,0,0,0,0,2,0,3
"10","Lucas Paquetá","MEI","Flamengo","21,28",6,"9,22","1,90","-0,48",21,2,1,0,17,5,5,0,0,0,0,0,2,0,0,12,0,19
"11","Róger Guedes","ATA","Atlético-MG","13,78",7,"8,96","6,60","-0,07",5,5,0,0,23,7,7,1,0,0,0,0,1,0,0,9,1,21
"12","Giovanni","LAT","América-MG","7,33",3,"8,93","-1,80","-1,56",5,2,0,1,4,0,0,0,0,0,0,0,1,0,0,1,0,4
"13","Pedro","ATA","Fluminense","16,59",7,"8,93","15,70","2,79",4,5,2,0,17,4,5,0,0,0,0,0,1,0,0,13,0,9
"14","Pedro Geromel","ZAG","Grêmio","17,65",3,"8,57","0,00","0,00",12,0,0,2,0,1,0,0,0,0,0,0,1,0,0,1,0,2
"15","Dedé","ZAG","Cruzeiro","10,64",5,"8,30","6,00","-0,61",10,2,0,3,4,3,2,0,0,0,0,0,3,0,0,7,0,6
"16","Edson","MEI","Bahia","7,14",1,"8,20","0,00","0,00",5,0,0,0,3,0,0,0,0,0,0,0,0,0,0,1,0,1
"17","Paolo Guerrero","ATA","Flamengo","13,78",2,"8,05","0,00","0,00",0,1,1,0,4,4,0,0,0,0,0,0,0,0,0,2,1,2
"18","Gatito Fernández","GOL","Botafogo","14,65",2,"8,05","0,00","0,00",0,0,0,0,0,0,0,0,7,0,0,0,0,0,2,0,0,3
"19","Neris","ZAG","Paraná","6,40",2,"8,00","8,30","0,85",6,0,0,2,0,1,1,0,0,0,0,0,1,0,0,3,0,5
"20","Thiago Carleto","LAT","Atlético-PR","17,86",7,"7,99","8,10","0,92",11,1,2,3,11,6,6,1,0,0,0,0,2,0,0,4,0,27
"21","Sidcley","LAT","Corinthians","14,30",6,"7,80","0,90","-2,11",16,1,1,2,7,0,0,0,0,0,0,0,0,0,0,2,0,9
"22","Vinicius Junior","ATA","Flamengo","16,71",7,"7,73","7,80","0,54",3,4,3,0,14,4,5,0,0,0,0,0,2,0,0,5,1,22
"23","Zé Rafael ","MEI","Bahia","19,58",7,"7,63","15,80","2,55",14,1,0,0,28,8,8,3,0,0,0,0,1,0,0,15,0,17
"24","João Pedro ","LAT","Bahia","6,03",2,"7,40","13,00","2,66",4,0,1,1,2,0,2,0,0,0,0,0,0,0,0,2,0,12
"25","Jailson","GOL","Palmeiras","14,43",6,"7,37","-3,00","-2,82",0,0,0,2,0,0,0,0,16,0,0,0,0,0,6,0,0,6
"26","Nino Paraíba","LAT","Bahia","13,84",5,"7,34","0,00","0,00",16,0,0,2,11,2,2,0,0,0,0,0,1,0,0,3,0,11
"27","Rodrigo Moledo","ZAG","Internacional","12,39",6,"7,32","4,60","-0,73",13,1,0,4,6,2,1,0,0,0,0,0,1,0,0,9,1,8
"28","Júnior","LAT","Paraná","5,17",3,"7,23","5,30","-0,87",8,0,0,2,5,1,0,0,0,0,0,0,1,0,0,2,0,2
"29","Christian","MEI","América-MG","11,21",2,"7,20","0,00","0,00",7,0,0,0,6,2,1,0,0,0,0,0,0,0,0,2,0,3
"30","Bruno Cortez","LAT","Grêmio","15,80",6,"7,10","7,80","0,77",15,0,0,5,11,0,0,0,0,0,0,0,0,0,0,10,0,18
"31","Egídio","LAT","Cruzeiro","10,00",4,"7,00","7,60","0,64",12,0,0,3,5,2,0,0,0,0,0,0,1,0,0,9,1,7
"32","Fábio","GOL","Cruzeiro","12,71",6,"6,90","13,70","2,11",0,0,0,3,0,0,0,0,11,0,0,0,0,0,3,0,0,2
"33","Shaylon","MEI","São Paulo","4,70",1,"6,90","0,00","0,00",0,1,0,0,0,0,0,0,0,0,0,0,0,0,0,1,0,2
"34","Patrick","MEI","Internacional","16,02",7,"6,87","3,90","-0,95",26,1,1,0,9,4,2,0,0,0,0,0,1,0,0,15,0,15
"35","Balbuena","ZAG","Corinthians","16,97",5,"6,86","5,10","-0,44",18,0,0,2,3,1,0,0,0,0,0,0,0,0,0,1,0,15
"36","Pio","MEI","Ceará","7,60",4,"6,83","0,00","0,00",12,1,1,0,2,3,4,0,0,0,1,0,0,0,0,5,1,13
"37","Clayson","ATA","Corinthians","11,94",3,"6,83","0,00","0,00",6,1,1,0,3,1,0,0,0,0,0,0,0,0,0,4,0,6
"38","Víctor Cuesta","ZAG","Internacional","16,32",6,"6,82","0,00","0,00",23,0,0,4,4,0,0,0,0,0,0,0,3,0,0,12,0,12
"39","Gilberto ","LAT","Fluminense","9,25",6,"6,80","13,80","1,42",12,1,2,2,10,3,1,0,0,0,0,1,0,0,0,7,1,16
"40","Yago Pikachu","LAT","Vasco","14,82",6,"6,72","3,60","-0,08",5,2,0,0,19,5,7,1,0,0,0,0,0,0,0,4,2,17
"41","Renê","LAT","Flamengo","11,49",6,"6,67","6,10","0,91",16,0,0,4,5,1,1,0,0,0,0,0,0,0,0,4,1,20
"42","Lucca","ATA","Internacional","9,95",5,"6,60","8,50","-0,57",5,1,2,0,12,4,4,1,0,0,0,0,2,0,0,5,0,10
"43","Marcos Rocha","LAT","Palmeiras","12,40",7,"6,60","4,80","-0,79",22,1,1,3,6,0,0,1,0,0,0,0,2,0,0,15,0,31
"44","Kannemann","ZAG","Grêmio","12,08",5,"6,58","8,80","0,40",13,0,0,4,7,1,0,0,0,0,0,1,1,0,0,6,0,3
"45","Rodrigo Caio","ZAG","São Paulo","12,76",2,"6,55","0,00","0,00",3,0,0,2,1,0,0,0,0,0,0,0,0,0,0,2,0,3
"46","Neilton","ATA","Vitória","11,62",6,"6,47","7,20","-0,61",10,2,2,0,15,5,0,0,0,0,0,0,1,0,0,7,2,24
"47","Diego Souza","MEI","São Paulo","12,00",4,"6,40","8,40","0,53",1,3,0,0,4,3,1,0,0,0,0,0,0,0,0,3,2,10
"48","Bruno Cosendey","MEI","Vasco","4,13",2,"6,40","0,00","0,00",1,1,1,0,0,0,0,0,0,0,0,0,0,0,0,1,0,4
"49","Bruno Henrique","MEI","Palmeiras","10,75",6,"6,32","8,80","1,54",18,1,1,0,11,4,0,1,0,0,0,0,1,0,0,14,0,16
"50","Réver","ZAG","Flamengo","16,24",5,"6,30","0,00","0,00",1,1,0,3,7,4,1,0,0,0,0,0,0,0,0,0,0,3
"51","Diego Alves","GOL","Flamengo","12,05",5,"6,22","10,40","2,47",0,0,0,3,1,0,0,0,8,0,0,0,0,0,3,0,0,8
"52","Otero","MEI","Atlético-MG","17,33",7,"6,13","0,20","-1,10",7,1,0,0,13,6,10,3,0,0,0,0,0,0,0,6,2,13
"53","Léo Moura","LAT","Grêmio","11,85",5,"6,12","4,90","0,20",3,0,1,4,7,0,0,0,0,0,0,0,0,0,0,3,0,3
"54","Serginho","MEI","América-MG","17,20",7,"6,07","0,40","-0,61",8,2,2,0,10,7,4,0,0,0,0,0,0,0,0,10,1,18
"55","Jonas","MEI","Flamengo","8,49",4,"6,00","13,50","2,03",18,0,0,0,1,2,1,0,0,0,0,0,1,0,0,5,0,6
"56","Fellipe Bastos","MEI","Sport","8,75",6,"5,98","5,00","0,58",12,0,2,0,2,7,8,0,0,0,0,0,0,0,0,6,1,16
"57","Luan","ATA","Grêmio","16,78",5,"5,96","0,00","0,00",5,0,1,0,20,11,2,2,0,0,0,0,0,0,0,9,0,18
"58","Rodinei","LAT","Flamengo","12,29",7,"5,89","6,00","1,21",8,0,1,4,13,3,2,0,0,0,0,0,1,0,0,2,1,12
"59","Éder Militão","LAT","São Paulo","12,27",6,"5,85","-3,80","-2,00",13,1,0,3,7,6,0,0,0,0,0,0,3,0,0,11,0,14
"60","Richard","MEI","Fluminense","15,94",7,"5,83","2,60","-0,47",24,1,0,0,11,2,0,0,0,0,0,0,1,0,0,7,0,16
"61","Paulo André","ZAG","Atlético-PR","8,08",2,"5,80","0,00","0,00",3,0,0,2,4,0,0,0,0,0,0,0,1,0,0,4,0,3
"62","Wallyson","ATA","Vitória","9,39",5,"5,80","0,80","-1,41",4,1,2,0,4,4,2,1,0,0,0,0,0,0,0,3,1,12
"63","Maílson","GOL","Sport","5,14",3,"5,80","0,00","0,00",0,0,1,1,0,0,0,0,4,0,0,0,0,0,2,0,0,2
"64","Jean Mota","MEI","Santos","11,27",6,"5,73","8,00","1,44",14,1,0,0,8,5,7,0,0,0,0,0,0,0,0,10,0,20
"65","Maurício Barbieri","TEC","Flamengo","13,16",7,"5,71","6,33","1,07",0,0,0,0,0,0,0,0,0,0,0,0,0,0,0,0,0,0
"66","Ayrton Lucas","LAT","Fluminense","10,43",4,"5,70","0,00","0,00",9,0,0,1,15,1,0,0,0,0,0,0,0,0,0,5,0,5
"67","Thuler","ZAG","Flamengo","2,83",1,"5,70","5,70","0,83",2,0,0,1,1,1,0,0,0,0,0,0,1,0,0,2,0,2
"68","Maicon","MEI","Grêmio","8,90",6,"5,57","0,80","-0,46",14,2,0,0,7,3,1,0,0,0,0,0,1,0,0,9,0,14
"69","Fabiano","LAT","Internacional","9,59",4,"5,55","0,00","0,00",9,0,0,3,1,1,0,0,0,0,0,0,1,0,0,4,0,12
"70","Caio Monteiro","ATA","Vasco","4,57",3,"5,53","-0,60","-0,48",2,1,1,0,7,1,1,0,0,0,0,0,0,0,0,4,1,8
"71","Ricardo Oliveira","ATA","Atlético-MG","9,33",6,"5,52","0,00","0,00",3,2,2,0,8,8,5,0,0,0,0,0,2,0,0,8,5,11
"72","Matheus Fernandes","MEI","Botafogo","13,25",7,"5,51","-0,10","-0,88",24,0,1,0,6,4,1,1,0,0,0,0,2,0,0,7,1,16
"73","Weverton","GOL","Palmeiras","8,88",1,"5,50","0,00","0,00",0,0,0,1,1,0,0,0,0,0,0,0,0,0,0,0,0,0
"74","Norberto ","LAT","América-MG","11,89",6,"5,50","4,90","-0,12",16,0,1,2,8,0,1,0,0,0,0,0,2,0,0,9,0,9
"75","Leandro Carvalho","ATA","Botafogo","5,86",1,"5,50","0,00","0,00",2,0,0,0,4,1,0,0,0,0,0,0,0,0,0,0,0,1
"76","Emerson","LAT","Atlético-MG","5,21",2,"5,50","5,40","0,63",6,0,0,1,5,0,0,0,0,0,0,0,1,0,0,4,0,5
"77","Léo","ZAG","Cruzeiro","8,58",5,"5,48","4,70","-0,13",10,0,0,3,1,1,0,0,0,0,0,0,0,0,0,5,1,3
"78","Rafael Moura","ATA","América-MG","12,08",6,"5,40","8,70","1,40",2,3,2,0,6,3,4,0,0,0,0,0,1,0,0,13,3,16
"79","Paulo Miranda","ZAG","Grêmio","7,76",2,"5,40","0,00","0,00",4,0,0,1,3,1,0,0,0,0,0,0,0,0,0,2,0,5
"80","Murilo","ZAG","Cruzeiro","8,07",2,"5,40","0,00","0,00",4,0,0,1,0,0,1,0,0,0,0,0,0,0,0,1,0,3
"81","Renato Gaúcho","TEC","Grêmio","14,97",7,"5,39","5,48","0,39",0,0,0,0,0,0,0,0,0,0,0,0,0,0,0,0,0,0
"82","Thiago Larghi","TEC","Atlético-MG","10,16",7,"5,34","3,89","-0,14",0,0,0,0,0,0,0,0,0,0,0,0,0,0,0,0,0,0
"83","Marlone","MEI","Sport","10,46",6,"5,30","10,60","1,86",5,1,2,0,10,3,7,0,0,0,0,0,1,0,0,2,1,20
"84","Zeca","LAT","Internacional","9,21",3,"5,30","1,50","-0,61",6,0,0,2,0,1,1,0,0,0,0,0,0,0,0,3,0,12
"85","Silvinho","ATA","Paraná","8,34",7,"5,25","4,20","0,07",11,1,0,0,16,9,7,0,0,0,0,0,1,0,0,6,0,21
"86","Torito González","MEI","Paraná","5,07",4,"5,25","3,50","-0,60",12,0,0,0,11,3,0,0,0,0,0,0,1,0,0,4,0,3
"87","Gabriel","MEI","Corinthians","11,54",5,"5,22","0,00","0,00",17,1,0,0,11,2,0,0,0,0,0,0,3,0,0,11,0,10
"88","Marcelo Lomba","GOL","Internacional","7,72",1,"5,20","0,00","0,00",0,0,0,1,1,0,0,0,0,0,0,0,0,0,0,0,0,1
"89","Antônio Carlos ","ZAG","Palmeiras","10,47",7,"5,16","7,90","0,24",8,1,0,3,3,1,1,2,0,0,0,0,1,0,0,4,1,13
"90","Keno","ATA","Palmeiras","11,25",7,"5,15","5,00","0,64",17,1,1,0,19,3,3,0,0,0,0,0,0,1,0,10,6,20
"91","Luan","ATA","Atlético-MG","14,59",7,"5,14","7,30","1,28",30,0,0,0,5,3,2,0,0,0,0,0,1,0,0,15,1,21
"92","Rodrigo Dourado","MEI","Internacional","12,76",7,"5,13","11,70","1,67",28,0,0,0,11,1,2,0,0,0,0,0,2,0,0,14,1,11
"93","Léo Duarte","ZAG","Flamengo","8,15",5,"5,12","9,50","2,17",8,0,0,3,1,1,1,0,0,0,0,0,1,0,0,2,0,3
"94","Bressan","ZAG","Grêmio","9,17",5,"5,10","8,00","0,72",5,0,0,4,2,0,0,0,0,0,0,0,0,0,0,3,0,5
"95","Vinícius Freitas","LAT","Chapecoense","4,26",1,"5,10","0,00","0,00",2,0,1,0,0,0,0,0,0,0,0,0,1,0,0,0,0,3
"96","Léo","LAT","Bahia","9,76",6,"5,10","0,00","0,00",16,0,0,2,6,1,1,0,0,0,0,0,0,0,0,6,3,13
"97","Borja","ATA","Palmeiras","12,68",4,"5,08","0,00","0,00",7,1,1,0,4,10,2,0,0,0,0,0,3,0,0,11,4,7
"98","Edigar Junio","ATA","Bahia","9,88",5,"5,06","0,00","0,00",3,2,0,0,7,1,3,1,0,0,0,0,0,0,0,7,1,7
"99","Marquinhos","ATA","América-MG","8,56",4,"5,02","0,00","0,00",4,1,1,0,4,1,2,0,0,0,0,0,0,0,0,1,0,12
"100","Léo","LAT","Fluminense","4,48",1,"5,00","0,00","0,00",3,0,0,0,2,1,0,1,0,0,0,0,1,0,0,3,1,1
"101","Yago","ZAG","Botafogo","4,90",1,"5,00","5,00","-0,10",3,0,0,0,1,0,0,0,0,0,0,0,0,0,0,0,0,0
"102","Eduardo","LAT","Chapecoense","5,82",2,"5,00","0,00","0,00",3,0,1,0,1,0,0,0,0,0,0,0,0,0,0,0,0,0
"103","Júnior Tavares","LAT","São Paulo","7,58",1,"5,00","0,00","0,00",1,0,0,1,2,0,0,0,0,0,0,0,1,0,0,1,0,0
"104","Nenê","MEI","São Paulo","10,78",7,"4,96","16,60","3,48",6,2,1,0,15,6,2,1,0,0,0,0,1,0,0,6,1,25
"105","Odair Hellmann","TEC","Internacional","10,93",7,"4,96","4,75","-0,21",0,0,0,0,0,0,0,0,0,0,0,0,0,0,0,0,0,0
"106","Roger Machado ","TEC","Palmeiras","11,47",7,"4,94","3,66","-0,50",0,0,0,0,0,0,0,0,0,0,0,0,0,0,0,0,0,0
"107","Cueva","MEI","São Paulo","12,56",3,"4,93","0,00","0,00",4,0,2,0,6,0,0,0,0,0,0,0,0,0,0,2,1,9
"108","Ángel Romero","ATA","Corinthians","10,87",5,"4,92","13,30","2,40",9,0,2,0,22,5,1,0,0,0,0,0,2,0,0,9,0,22
"109","Abel Braga","TEC","Fluminense","11,62",7,"4,91","5,24","-0,05",0,0,0,0,0,0,0,0,0,0,0,0,0,0,0,0,0,0
"110","Arthur ","ATA","Chapecoense","10,10",7,"4,91","12,30","2,23",7,2,0,0,15,10,1,1,0,0,0,0,1,0,0,10,0,16
"111","Marcelo Grohe","GOL","Grêmio","16,24",6,"4,90","5,00","0,13",0,0,0,5,2,0,0,0,2,0,0,0,0,0,1,0,0,2
"112","Tiago ","ZAG","Bahia","7,79",3,"4,87","7,10","0,26",3,0,0,2,2,3,2,0,0,0,0,0,0,0,0,8,1,4
"113","Raphael Alemão","ATA","Paraná","4,45",2,"4,85","0,00","0,00",3,0,0,0,2,1,4,0,0,0,0,0,0,0,0,1,0,3
"114","Juninho","MEI","América-MG","8,78",7,"4,83","5,30","-0,17",21,1,0,0,8,2,0,0,0,0,0,0,1,0,0,9,0,16
"115","Diego Aguirre","TEC","São Paulo","11,41",7,"4,82","3,55","-0,15",0,0,0,0,0,0,0,0,0,0,0,0,0,0,0,0,0,0
"116","Victor","GOL","Atlético-MG","11,29",7,"4,82","-1,80","-2,09",0,0,0,2,1,0,0,0,13,0,0,0,0,0,7,0,0,6
"117","Andrés Ríos","ATA","Vasco","7,09",5,"4,82","0,00","0,00",1,3,1,0,9,2,4,1,0,0,0,0,3,1,0,16,1,6
"118","Santos","GOL","Atlético-PR","9,27",7,"4,81","5,00","1,13",0,0,0,3,1,0,0,0,12,0,0,0,0,0,8,0,0,6
"119","Bremer","ZAG","Atlético-MG","6,16",6,"4,80","2,70","-0,59",14,1,0,2,3,0,1,0,0,0,0,0,2,0,0,10,0,13
"120","Rossi","ATA","Internacional","5,79",4,"4,78","8,00","0,93",4,1,1,0,4,1,0,0,0,0,0,0,0,0,0,3,0,4
"121","Claudinei Oliveira","TEC","Sport","8,58",5,"4,78","6,05","0,94",0,0,0,0,0,0,0,0,0,0,0,0,0,0,0,0,0,0
"122","Alemão","LAT","Paraná","7,80",6,"4,78","0,00","0,00",17,0,0,1,3,5,2,0,0,0,0,0,0,0,0,8,0,19
"123","Petros","MEI","São Paulo","9,21",2,"4,75","0,00","0,00",6,0,0,0,4,0,0,0,0,0,0,0,0,0,0,3,0,0
"124","Marcos Junior","ATA","Fluminense","8,06",7,"4,75","8,80","0,87",5,2,1,0,12,4,2,0,0,0,0,0,0,0,0,4,5,8
"125","Rogério","ATA","Sport","8,50",6,"4,67","0,20","-0,93",3,1,1,0,13,3,6,0,0,0,0,0,0,0,0,4,3,7
"126","Hyoran","MEI","Palmeiras","4,91",3,"4,60","8,70","2,03",0,1,1,0,1,1,1,0,0,0,0,0,0,0,0,1,0,4
"127","Leandro Pereira","ATA","Chapecoense","7,23",6,"4,57","3,40","0,32",7,1,0,0,9,1,2,1,0,0,0,0,0,0,0,2,1,1
"128","Willian","ATA","Palmeiras","10,25",6,"4,52","0,00","0,00",2,2,0,0,5,2,6,1,0,0,0,0,0,0,0,9,1,4
"129","Léo Cittadini","MEI","Santos","8,97",4,"4,50","0,00","-1,36",9,0,1,0,4,3,1,0,0,0,0,0,1,0,0,6,1,2
"130","Walter","GOL","Corinthians","6,63",2,"4,50","5,00","0,51",0,0,0,0,0,0,0,0,5,0,0,0,0,0,3,0,0,0
"131","Richardson","MEI","Ceará","7,39",5,"4,50","6,70","1,04",13,0,0,0,15,1,1,0,0,0,0,0,1,0,0,6,0,5
"132","Rodrigo Becão","ZAG","Bahia","3,61",1,"4,50","0,00","0,00",0,0,0,1,1,0,0,0,0,0,0,0,0,0,0,2,0,0
"133","Cléber Reis","ZAG","Paraná","6,03",4,"4,47","4,10","-0,14",6,0,0,2,4,3,0,0,0,0,0,0,1,0,0,4,0,5
"134","Everton","MEI","São Paulo","10,64",6,"4,47","6,60","1,01",4,1,3,0,13,3,2,0,0,0,0,0,1,0,0,6,5,20
"135","Jonathan","LAT","Atlético-PR","9,36",4,"4,45","0,00","0,00",2,0,2,1,2,0,0,0,0,0,0,0,0,0,0,0,0,4
"136","Éverton Ribeiro","MEI","Flamengo","6,00",5,"4,42","9,10","1,49",6,2,0,0,15,1,3,0,0,0,0,1,1,0,0,9,0,11
"137","Kelvin","ATA","Vasco","6,67",4,"4,40","0,90","0,28",1,1,2,0,4,1,0,0,0,0,0,0,1,0,0,3,0,4
"138","Fagner","LAT","Corinthians","11,70",3,"4,40","0,00","0,00",5,0,1,1,1,0,0,0,0,0,0,0,0,0,0,3,0,11
"139","Mano Menezes","TEC","Cruzeiro","10,91",7,"4,39","6,15","1,00",0,0,0,0,0,0,0,0,0,0,0,0,0,0,0,0,0,0
"140","Thiago Galhardo","MEI","Vasco","8,65",4,"4,35","0,00","0,00",2,0,2,0,6,3,2,1,0,0,0,0,1,0,0,4,0,8
"141","Thiago Santos","MEI","Palmeiras","6,76",4,"4,35","0,00","0,00",10,0,0,0,1,0,1,1,0,0,0,0,0,0,0,4,0,1
"142","Lucas Silva","MEI","Cruzeiro","5,73",4,"4,35","2,90","-0,31",10,0,0,0,7,5,0,0,0,0,0,0,0,0,0,6,0,7
"143","Pedro Henrique","ZAG","Corinthians","5,65",2,"4,35","0,00","0,00",4,0,0,0,4,2,0,0,0,0,0,0,0,0,0,0,0,3
"144","Paulo Roberto","MEI","Corinthians","3,99",2,"4,30","7,20","1,45",8,0,0,0,1,1,0,0,0,0,0,0,1,0,0,3,0,4
"145","Diogo Barbosa","LAT","Palmeiras","10,95",7,"4,30","6,70","0,18",14,0,2,3,2,0,0,0,0,0,0,0,3,0,0,11,0,18
"146","Alisson","MEI","Grêmio","7,73",3,"4,30","0,00","0,00",4,0,0,0,5,4,3,0,0,0,0,0,0,0,0,0,0,8
"147","Cássio","GOL","Corinthians","10,84",5,"4,28","0,00","0,00",0,0,0,2,0,0,0,0,6,0,0,0,0,0,3,0,0,2
"148","Danilo Fernandes","GOL","Internacional","8,25",6,"4,25","1,00","-1,41",0,0,0,3,1,0,0,0,6,0,0,0,0,0,4,0,0,0
"149","Sander","LAT","Sport","9,40",7,"4,25","5,90","1,05",18,0,0,1,12,2,4,0,0,0,0,0,2,0,0,16,0,9
"150","Sornoza","MEI","Fluminense","9,20",7,"4,24","3,90","0,02",10,0,1,0,6,7,9,0,0,0,0,0,1,0,0,4,0,19
"151","Gilson","LAT","Botafogo","8,20",6,"4,22","0,00","0,00",14,1,0,0,14,1,1,0,0,0,0,0,1,0,0,7,0,24
"152","Guto Ferreira","TEC","Bahia","9,49",7,"4,21","7,19","1,10",0,0,0,0,0,0,0,0,0,0,0,0,0,0,0,0,0,0
"153","Igor","LAT","Paraná","2,55",1,"4,20","0,00","0,00",3,0,0,0,0,1,0,0,0,0,0,0,0,0,0,1,0,2
"154","Adilson","MEI","Atlético-MG","7,40",6,"4,18","5,90","0,99",22,0,0,0,10,0,0,0,0,0,0,0,2,0,0,10,0,13
"155","Pablo","ATA","Atlético-PR","9,30",7,"4,15","0,10","-0,22",6,3,0,0,3,7,3,0,0,0,0,0,1,0,0,15,5,9
"156","Cazares","MEI","Atlético-MG","10,18",5,"4,12","3,10","0,40",4,0,2,0,1,7,6,0,0,0,0,0,1,0,0,5,0,14
"157","Ezequiel ","LAT","Cruzeiro","4,41",2,"4,10","0,00","0,00",5,0,0,1,3,0,0,0,0,0,0,0,1,0,0,4,0,6
"158","Arboleda","ZAG","São Paulo","10,43",5,"4,06","5,90","0,37",12,0,0,1,3,4,2,0,0,0,0,0,2,0,0,7,1,6
"159","Osmar Loss","TEC","Corinthians","11,50",1,"4,05","4,05","-1,47",0,0,0,0,0,0,0,0,0,0,0,0,0,0,0,0,0,0
"160","Mateus Vital","MEI","Corinthians","7,39",7,"4,05","11,70","1,70",6,1,1,0,10,1,3,0,0,0,0,0,0,0,0,2,1,5
"161","Enderson Moreira","TEC","América-MG","10,02",7,"4,03","0,76","-0,73",0,0,0,0,0,0,0,0,0,0,0,0,0,0,0,0,0,0
"162","Alison","MEI","Santos","9,00",5,"4,02","0,00","0,00",17,0,0,0,6,1,0,0,0,0,0,0,1,0,0,9,0,9
"163","Élber","MEI","Bahia","6,40",5,"4,02","8,10","1,25",5,1,1,0,9,0,4,0,0,0,0,0,2,0,0,3,0,14
"164","Nikão","MEI","Atlético-PR","11,91",6,"3,95","-0,80","-1,29",4,1,0,0,14,4,6,0,0,0,0,0,0,0,0,5,2,14
"165","Carlinhos","LAT","América-MG","12,58",4,"3,95","0,00","0,00",5,1,0,1,2,1,3,0,0,0,0,0,1,0,0,11,1,7
"166","Renato Chaves","ZAG","Fluminense","7,14",7,"3,94","0,70","-1,69",17,0,0,2,4,0,1,0,0,0,0,0,1,0,0,8,0,17
"167","Elton","MEI","Bahia","8,84",6,"3,93","4,00","0,56",20,0,1,0,1,4,1,0,0,0,0,0,1,0,0,22,0,11
"168","Gabriel","ATA","Santos","12,10",6,"3,90","2,90","0,28",5,2,0,0,11,9,2,0,0,0,0,0,1,0,0,11,4,19
"169","Marcinho","LAT","Botafogo","6,94",7,"3,90","2,10","0,06",12,0,3,0,3,3,1,0,0,0,0,0,1,0,0,5,0,21
"170","Tiago Alves","ZAG","Ceará","4,41",2,"3,85","0,00","0,00",2,0,0,1,1,0,0,0,0,0,0,0,0,0,0,1,0,1
"171","Marcos Guilherme ","ATA","São Paulo","10,31",4,"3,85","0,00","0,00",8,0,0,0,3,3,2,0,0,0,0,0,0,0,0,3,1,3
"172","Cuéllar","MEI","Flamengo","9,43",6,"3,82","0,00","0,00",22,0,1,0,2,1,0,0,0,0,0,1,2,0,0,11,0,8
"173","Jhonny Lucas","MEI","Paraná","5,59",5,"3,80","3,20","0,57",12,1,0,0,6,3,3,0,0,0,0,0,2,0,0,18,0,10
"174","Lucas Veríssimo","ZAG","Santos","8,96",5,"3,78","0,00","0,00",10,0,0,1,5,1,1,0,0,0,0,0,1,0,0,2,1,7
"175","Fernando Diniz","TEC","Atlético-PR","9,90",7,"3,76","2,58","0,20",0,0,0,0,0,0,0,0,0,0,0,0,0,0,0,0,0,0
"176","Luan","ATA","América-MG","11,03",6,"3,75","0,30","-0,20",11,0,2,0,14,6,1,0,0,0,0,0,2,0,0,15,2,15
"177","Nico López","ATA","Internacional","13,72",5,"3,74","0,00","-0,35",1,2,0,0,1,3,1,0,0,0,0,0,0,0,0,0,1,8
"178","Bruno Alves","ZAG","São Paulo","9,75",6,"3,73","-3,80","-2,31",6,1,0,2,3,0,0,1,0,0,0,0,2,0,0,6,0,7
"179","Patric","LAT","Atlético-MG","6,25",5,"3,72","0,00","0,00",11,0,1,1,2,1,1,0,0,0,0,0,0,0,0,10,1,18
"180","Anderson","GOL","Bahia","3,55",2,"3,70","4,70","0,69",0,0,0,1,0,0,0,0,1,0,0,0,0,0,0,0,0,2
"181","Carlos","ATA","Paraná","6,79",6,"3,70","5,00","1,33",5,1,0,0,10,4,4,0,0,0,0,0,1,0,0,6,2,1
"182","Juninho","MEI","Ceará","6,25",7,"3,69","1,80","-1,11",21,0,0,0,4,5,1,0,0,0,0,0,0,0,0,12,0,23
"183","Iago","LAT","Internacional","9,61",7,"3,69","0,90","-1,00",14,0,0,4,2,2,2,0,0,0,0,0,3,0,0,13,1,24
"184","Lucas Fernandes","ATA","Vitória","4,81",4,"3,68","-1,10","-0,81",1,1,0,0,8,1,0,1,0,0,0,0,0,0,0,1,0,7
"185","Dudu","ATA","Palmeiras","14,63",6,"3,67","4,50","0,26",5,1,1,0,12,5,5,0,0,0,0,0,3,0,0,4,1,20
"186","Dodô","LAT","Santos","10,88",6,"3,67","-0,20","-0,83",15,0,0,1,11,2,1,0,0,0,0,0,2,0,0,4,0,26
"187","Reinaldo","LAT","São Paulo","9,92",4,"3,67","2,60","0,02",10,0,0,1,5,2,1,0,0,0,0,0,1,0,0,10,0,12
"188","Jefferson","GOL","Botafogo","9,62",5,"3,66","2,70","0,65",0,0,1,0,1,0,0,0,8,0,0,0,0,0,5,0,0,4
"189","Madson","LAT","Grêmio","7,06",3,"3,63","0,00","0,00",2,0,0,1,3,2,1,0,0,0,0,0,0,0,0,1,0,3
"190","Gabriel","ZAG","Atlético-MG","7,25",7,"3,63","3,00","-0,77",10,0,0,2,8,1,2,1,0,0,1,0,0,0,0,6,0,6
"191","Éverson","GOL","Ceará","9,44",7,"3,60","7,00","1,65",0,0,0,1,0,0,0,0,15,0,0,0,1,0,11,1,0,1
"192","Desábato","MEI","Vasco","7,60",6,"3,57","0,90","0,10",17,0,1,0,5,1,0,0,0,0,0,1,0,0,0,7,0,13
"193","Rodrigo Lindoso","MEI","Botafogo","8,62",7,"3,53","3,40","0,47",5,2,0,0,11,5,2,0,0,0,0,0,1,0,0,8,1,14
"194","Canteros","MEI","Chapecoense","8,31",7,"3,53","5,20","0,65",12,1,1,0,7,1,1,1,0,0,0,0,0,0,0,8,0,36
"195","Marlon","LAT","Fluminense","4,85",4,"3,53","-0,80","-1,58",9,0,0,1,1,4,1,0,0,0,0,0,1,0,0,5,0,16
"196","Rafael Sobis","ATA","Cruzeiro","7,33",5,"3,52","8,30","1,50",5,0,0,0,1,10,2,0,0,0,0,0,0,0,0,1,0,1
"197","Wagner","MEI","Vasco","10,90",6,"3,52","-0,30","-1,47",5,2,0,0,9,3,4,0,0,0,0,0,3,0,0,7,2,12
"198","Luiz Antonio ","MEI","Chapecoense","6,40",1,"3,50","0,00","0,00",2,0,0,0,1,1,0,0,0,0,0,0,0,0,0,1,0,1
"199","Bruno Silva","MEI","Cruzeiro","7,67",4,"3,50","8,00","1,61",4,1,0,0,1,6,1,0,0,0,0,0,1,0,0,6,0,5
"200","Alberto Valentim","TEC","Botafogo","8,87",7,"3,49","2,94","0,34",0,0,0,0,0,0,0,0,0,0,0,0,0,0,0,0,0,0
"201","Jair Ventura","TEC","Santos","10,51",6,"3,49","2,05","0,07",0,0,0,0,0,0,0,0,0,0,0,0,0,0,0,0,0,0
"202","Renatinho","MEI","Botafogo","5,23",4,"3,45","0,00","0,00",8,0,0,0,5,2,3,0,0,0,0,0,1,0,0,3,0,8
"203","Thonny Anderson","MEI","Grêmio","4,42",2,"3,45","8,00","1,81",0,1,0,0,0,0,0,0,0,0,0,0,0,0,0,1,0,2
"204","Hudson","MEI","São Paulo","8,50",6,"3,43","0,50","-0,74",19,0,0,0,6,5,1,0,0,0,0,0,3,0,0,13,0,12
"205","Sidão","GOL","São Paulo","10,41",7,"3,42","3,10","-0,49",0,0,0,3,0,0,0,0,9,0,0,0,2,0,6,0,0,7
"206","Rogério Micale","TEC","Paraná","6,35",7,"3,42","4,73","0,21",0,0,0,0,0,0,0,0,0,0,0,0,0,0,0,0,0,0
"207","Robinho","ATA","Fluminense","5,19",4,"3,42","4,40","0,71",2,0,1,0,1,4,1,1,0,0,0,0,0,0,0,2,0,4
"208","Douglas","ZAG","Chapecoense","7,26",7,"3,41","3,00","0,04",14,0,0,1,6,3,0,0,0,0,0,0,1,0,0,8,0,5
"209","Rafinha","MEI","Cruzeiro","8,33",3,"3,40","0,00","0,00",4,0,1,0,5,0,1,0,0,0,0,0,0,0,0,4,2,5
"210","Henrique","ZAG","Corinthians","8,89",7,"3,37","0,20","-0,09",2,1,0,2,8,1,0,0,0,0,0,0,0,0,0,2,0,4
"211","Aderlan","LAT","América-MG","2,25",3,"3,37","-2,90","-1,87",9,0,0,1,2,1,0,0,0,0,0,0,2,0,0,7,0,9
"212","Mena","LAT","Bahia","8,40",2,"3,35","7,30","1,30",2,0,0,1,1,0,0,0,0,0,0,0,0,0,0,0,0,6
"213","Rhayner","ATA","Vitória","8,73",7,"3,31","-1,40","-1,28",14,0,1,0,13,4,2,1,0,0,0,0,3,0,0,13,0,18
"214","Anderson Martins","ZAG","São Paulo","7,30",2,"3,30","0,00","0,00",5,0,0,1,2,1,0,0,0,0,0,1,0,0,0,3,0,4
"215","Moisés","LAT","Botafogo","6,58",2,"3,30","6,90","1,52",4,0,0,0,4,0,0,0,0,0,0,0,0,0,0,1,0,3
"216","Edenílson","MEI","Internacional","9,08",5,"3,28","-0,20","-0,80",7,0,2,0,4,2,0,0,0,0,0,0,1,0,0,3,0,14
"217","Jadson","MEI","Fluminense","8,97",7,"3,27","3,70","-0,55",16,0,1,0,9,4,3,0,0,0,0,0,2,0,0,16,0,18
"218","João Ricardo","GOL","América-MG","5,87",3,"3,27","0,00","0,00",0,0,0,1,0,0,0,0,6,0,0,0,0,0,6,0,0,4
"219","Walisson Maia","ZAG","Vitória","5,06",2,"3,25","0,00","0,00",7,0,0,0,1,0,0,0,0,0,0,0,1,0,0,2,0,5
"220","Edimar","LAT","São Paulo","4,14",3,"3,23","0,00","0,00",1,0,0,2,1,1,0,0,0,0,0,0,1,0,0,1,0,2
"221","Gilson Kleina","TEC","Chapecoense","6,92",7,"3,22","3,42","0,39",0,0,0,0,0,0,0,0,0,0,0,0,0,0,0,0,0,0
"222","Luiz Otávio","ZAG","Ceará","7,38",7,"3,20","0,70","-0,17",15,0,0,1,4,1,0,0,0,0,0,0,2,0,0,3,0,8
"223","Brenner","ATA","Botafogo","6,36",6,"3,20","0,00","0,00",2,1,0,0,13,4,3,0,0,0,0,0,0,0,0,4,2,7
"224","Rafael Marques","ATA","Sport","4,29",4,"3,17","10,50","2,27",2,1,0,0,3,2,1,0,0,0,0,0,0,0,0,4,0,2
"225","Lucas Fonseca","ZAG","Bahia","7,86",6,"3,15","6,60","1,27",4,0,0,3,6,0,1,1,0,0,0,0,2,0,0,4,0,11
"226","Elton","ATA","Ceará","5,30",5,"3,14","-3,80","-1,47",3,1,1,0,4,4,4,0,0,0,0,0,1,0,0,15,1,6
"227","Éderson","ATA","Atlético-PR","8,10",3,"3,13","0,00","0,00",2,1,0,0,0,1,0,0,0,0,0,0,0,0,0,2,1,3
"228","Liziero","LAT","São Paulo","4,92",5,"3,10","0,70","-0,64",5,0,0,2,6,1,0,0,0,0,0,0,1,0,0,4,0,6
"229","Eduardo Sasha","ATA","Santos","8,21",6,"3,03","2,20","0,31",2,0,3,0,12,4,1,0,0,0,0,0,0,0,0,8,4,14
"230","Ariel Cabral","MEI","Cruzeiro","5,81",3,"3,03","0,00","0,00",8,0,0,0,3,1,0,0,0,0,0,0,1,0,0,4,0,4
"231","Henrique","MEI","Cruzeiro","9,80",5,"3,02","2,00","-0,15",12,0,0,0,4,3,1,0,0,0,0,0,2,0,0,6,0,5
"232","Everton Felipe","MEI","Sport","5,53",5,"3,02","0,00","0,00",4,1,0,0,6,1,3,0,0,0,0,0,0,0,0,3,0,16
"233","Ralf","MEI","Corinthians","8,96",1,"3,00","0,00","0,00",2,0,0,0,1,0,0,0,0,0,0,0,0,0,0,1,0,0
"234","Ezequiel","ATA","Botafogo","4,93",3,"3,00","0,00","-1,07",2,0,1,0,2,1,0,0,0,0,0,0,0,0,0,1,0,1
"235","Luiz Otávio ","ZAG","Chapecoense","5,09",2,"3,00","0,00","0,00",1,0,0,1,0,1,0,0,0,0,0,0,0,0,0,2,0,1
"236","Bruno Pacheco","LAT","Chapecoense","5,49",6,"2,98","2,70","-0,02",12,0,0,1,12,2,0,0,0,0,0,0,3,0,0,8,0,9
"237","Denilson","ATA","Vitória","10,04",6,"2,97","8,20","1,47",3,2,0,0,3,5,1,0,0,0,0,0,0,0,0,11,3,8
"238","Rafael Pereira","ZAG","Ceará","5,02",2,"2,95","6,50","1,50",4,0,0,0,1,0,0,0,0,0,0,0,0,0,0,0,0,2
"239","Régis","LAT","São Paulo","6,83",5,"2,90","0,00","0,00",8,0,0,2,1,1,1,0,0,0,0,0,2,0,0,6,0,10
"240","Mansur","LAT","Paraná","5,65",5,"2,90","5,90","0,77",6,0,0,2,4,1,2,1,0,0,0,1,0,0,0,10,0,9
"241","Lucas Fernandes","MEI","São Paulo","4,79",2,"2,90","0,00","0,00",2,0,0,0,2,2,2,0,0,0,0,0,0,0,0,2,0,4
"242","Elicarlos","MEI","Chapecoense","4,94",4,"2,88","5,60","0,59",7,0,0,0,8,3,1,0,0,0,0,0,1,0,0,5,0,7
"243","Neto Moura","MEI","Sport","5,04",6,"2,88","3,70","-0,09",10,0,0,0,7,3,3,0,0,0,0,0,1,0,0,8,0,4
"244","Lucas","LAT","Vitória","6,16",3,"2,87","3,50","0,23",5,0,0,0,6,1,0,0,0,0,0,0,0,0,0,0,0,9
"245","Pablo Dyego","ATA","Fluminense","4,64",5,"2,86","0,00","0,00",1,1,0,0,8,3,1,0,0,0,0,0,0,0,0,2,0,6
"246","Zé Ricardo","TEC","Vasco","8,63",6,"2,86","-0,46","-0,51",0,0,0,0,0,0,0,0,0,0,0,0,0,0,0,0,0,0
"247","Rodrygo","ATA","Santos","9,62",6,"2,83","1,30","0,44",3,2,0,0,9,2,2,0,0,0,0,0,0,0,0,12,0,20
"248","Yago","MEI","Vitória","9,23",5,"2,82","-2,50","-1,74",9,1,0,0,8,3,2,0,0,0,0,0,3,0,0,8,1,19
"249","Matheus Ferraz","ZAG","América-MG","4,81",3,"2,77","-2,30","-1,51",5,0,0,1,2,0,0,0,0,0,0,0,1,0,0,4,0,4
"250","Edu Dracena","ZAG","Palmeiras","6,40",5,"2,76","-0,30","-0,99",4,0,0,2,4,0,0,0,0,0,0,0,1,0,0,2,0,4
"251","Claudio Winck","LAT","Sport","3,96",6,"2,75","2,00","0,28",5,1,0,1,8,2,2,0,0,0,0,0,1,0,0,11,0,15
"252","Matheus Rossetto","MEI","Atlético-PR","10,64",6,"2,75","3,10","0,86",11,1,0,0,2,2,0,0,0,0,0,0,1,0,0,5,2,17
"253","Rafael Carioca","LAT","Ceará","4,87",5,"2,72","0,00","0,00",10,0,0,1,4,3,3,0,0,0,0,0,3,0,0,8,1,13
"254","Vagner Mancini","TEC","Vitória","6,85",7,"2,71","2,02","-0,26",0,0,0,0,0,0,0,0,0,0,0,0,0,0,0,0,0,0
"255","Manoel","ZAG","Cruzeiro","4,94",2,"2,70","0,00","0,00",1,0,0,1,2,0,0,0,0,0,0,0,0,0,0,2,1,2
"256","Thiago Martins","ZAG","Palmeiras","5,30",2,"2,70","0,00","0,00",0,0,0,1,1,1,1,0,0,0,0,0,0,0,0,3,0,2
"257","Pachu","ATA","Botafogo","2,55",1,"2,70","0,00","0,00",1,0,0,0,1,0,1,0,0,0,0,0,0,0,0,1,0,0
"258","Ibañez","ZAG","Fluminense","5,99",1,"2,70","0,00","0,00",2,0,0,0,0,0,0,0,0,0,0,0,0,0,0,0,0,1
"259","Everson","ZAG","Bahia","4,01",4,"2,67","0,00","0,00",4,0,0,1,2,2,0,1,0,0,0,0,1,0,0,2,1,8
"260","Kieza","ATA","Botafogo","5,83",7,"2,65","7,90","1,82",4,2,0,0,2,1,1,0,0,0,0,0,0,0,0,7,3,5
"261","Daniel Guedes ","LAT","Santos","7,38",4,"2,65","-0,60","-1,31",6,0,0,1,1,0,0,0,0,0,0,0,0,0,0,2,1,8
"262","Marcelo Hermes","LAT","Cruzeiro","4,57",3,"2,63","0,00","0,00",5,0,0,1,3,3,0,0,0,0,0,0,1,0,0,4,0,15
"263","Jucilei","MEI","São Paulo","6,96",6,"2,62","1,10","-0,12",15,0,0,0,7,0,0,0,0,0,0,0,0,0,0,11,0,16
"264","Wellington Paulista","ATA","Chapecoense","10,02",6,"2,62","2,50","0,36",4,2,0,0,9,9,0,0,0,0,0,0,4,0,0,10,4,10
"265","Juan","ZAG","Flamengo","7,20",3,"2,60","0,00","0,00",2,0,0,1,1,1,0,0,0,0,0,0,0,0,0,0,0,5
"266","Renê Júnior","MEI","Corinthians","6,70",2,"2,60","0,00","0,00",4,0,0,0,4,1,0,0,0,0,0,0,0,0,0,6,0,2
"267","Leonardo Valencia","MEI","Botafogo","6,46",5,"2,56","0,20","-1,01",2,0,0,0,8,3,3,1,0,0,0,0,0,0,0,1,0,9
"268","Thiago Heleno","ZAG","Atlético-PR","8,96",4,"2,55","4,70","1,22",5,0,0,2,5,0,0,0,0,0,1,0,0,0,0,6,0,6
"269","Pavez","MEI","Atlético-PR","6,24",6,"2,55","0,00","0,00",11,0,0,0,4,0,1,0,0,0,0,0,0,0,0,4,0,8
"270","Messias","ZAG","América-MG","8,24",7,"2,54","3,40","0,18",8,0,0,2,4,1,1,0,0,0,0,0,0,0,0,8,0,14
"271","Gum","ZAG","Fluminense","5,28",6,"2,50","1,50","-0,32",3,0,1,2,1,1,0,0,0,0,0,0,0,0,0,5,0,11
"272","Victor Ferraz","LAT","Santos","8,54",2,"2,50","0,00","0,00",4,0,0,0,0,0,1,0,0,0,0,0,0,0,0,1,1,4
"273","Willian Farias","MEI","Vitória","4,99",5,"2,50","0,00","0,00",10,0,0,0,3,2,1,0,0,0,0,0,1,0,0,6,0,6
"274","Valdo","ZAG","Ceará","6,17",6,"2,50","0,50","-0,51",6,0,0,1,3,2,0,0,0,0,0,0,0,0,0,3,0,2
"275","Elias","GOL","Vitória","3,91",2,"2,50","4,00","0,73",0,0,0,0,0,0,0,0,3,0,0,0,0,0,2,0,0,0
"276","Bruno Guimarães","MEI","Atlético-PR","5,71",5,"2,48","0,00","-0,45",7,0,0,0,23,0,0,0,0,0,0,0,2,0,0,7,0,7
"277","Fábio Santos","LAT","Atlético-MG","5,78",7,"2,45","3,50","-0,21",9,0,0,2,9,2,0,0,0,0,0,0,2,0,0,7,1,15
"278","Paulão","ZAG","Vasco","5,71",3,"2,43","0,00","0,00",5,0,0,0,3,1,0,0,0,0,0,0,0,0,0,1,1,5
"279","Vanderlei","GOL","Santos","15,36",6,"2,40","3,70","0,73",0,0,0,1,2,0,0,0,9,0,0,0,0,0,9,0,0,2
"280","Henrique","LAT","Vasco","6,55",5,"2,40","0,00","0,00",9,0,0,0,13,1,1,0,0,0,0,0,2,0,0,5,1,10
"281","Thaciano","MEI","Grêmio","2,06",1,"2,40","2,40","0,06",0,0,0,0,1,0,2,0,0,0,0,0,0,0,0,1,0,0
"282","Raniel","ATA","Cruzeiro","6,24",5,"2,40","5,50","1,08",4,0,1,0,7,3,1,0,0,0,0,0,0,0,0,10,1,2
"283","Wescley","MEI","Ceará","4,21",7,"2,38","-1,80","-1,83",4,2,0,0,3,4,2,0,0,0,0,0,1,0,0,12,1,13
"284","Jori","GOL","América-MG","7,74",4,"2,38","-3,30","-2,00",0,0,0,1,1,0,0,0,6,0,0,0,0,0,6,1,0,5
"285","Gregore","MEI","Bahia","6,52",7,"2,37","0,10","-0,13",23,0,0,0,7,2,2,0,0,0,0,0,2,0,0,35,0,13
"286","Apodi","LAT","Chapecoense","5,72",7,"2,35","-0,80","-0,23",10,0,1,1,5,3,0,0,0,0,0,0,0,0,0,16,0,18
"287","Raul Prata","LAT","Sport","7,35",4,"2,32","-6,10","-2,89",11,0,0,0,3,1,0,0,0,0,0,1,0,0,0,3,0,10
"288","Pedro Botelho","LAT","Vitória","5,35",4,"2,28","0,00","0,00",4,1,0,0,0,1,0,0,0,0,0,0,0,0,0,3,0,14
"289","Ricardinho","MEI","Ceará","4,43",5,"2,28","-1,70","-1,21",9,0,0,0,6,1,1,0,0,0,0,0,0,0,0,6,1,12
"290","Mantuan","LAT","Corinthians","3,10",5,"2,28","1,10","0,00",8,0,0,1,6,1,0,0,0,0,0,0,1,0,0,7,0,13
"291","Guerra","MEI","Palmeiras","7,89",4,"2,23","0,90","-0,14",2,1,0,0,1,1,1,0,0,0,0,0,0,0,0,5,0,7
"292","Régis","MEI","Bahia","5,11",7,"2,19","9,60","2,19",5,1,0,0,5,2,0,1,0,0,0,0,1,0,0,4,0,11
"293","Guilherme","ATA","Chapecoense","4,98",5,"2,16","0,00","0,00",2,1,0,0,4,2,1,0,0,0,0,0,0,0,0,4,0,10
"294","Luan Peres ","ZAG","Fluminense","5,21",4,"2,15","0,60","-0,76",3,0,0,2,0,0,0,0,0,0,0,0,1,0,0,6,0,3
"295","Diego","MEI","Flamengo","8,23",5,"2,12","0,60","-0,53",4,1,0,0,20,4,0,0,0,0,0,0,2,0,0,9,6,17
"296","Frazan","ZAG","Fluminense","3,74",4,"2,12","0,00","0,00",3,0,0,1,2,0,1,0,0,0,0,0,0,0,0,4,0,4
"297","Matheus Pereira","MEI","Paraná","4,39",2,"2,05","0,00","0,00",3,0,0,0,1,0,1,0,0,0,0,0,0,0,0,0,0,7
"298","Danilo","MEI","Corinthians","3,53",1,"2,00","0,00","0,00",1,0,0,0,1,0,0,0,0,0,0,0,0,0,0,0,0,0
"299","Júlio César","GOL","Fluminense","3,76",7,"2,00","4,50","-0,37",0,0,0,2,1,0,0,0,7,0,0,0,1,0,7,0,0,5
"300","Emerson Sheik","ATA","Corinthians","7,41",4,"1,98","0,00","0,00",0,0,1,0,7,0,1,0,0,0,0,0,0,0,0,3,0,1
"301","Rafael Lima","ZAG","América-MG","6,80",4,"1,97","0,00","0,00",4,0,0,1,1,2,0,0,0,0,0,0,1,0,0,1,0,9
"302","Gabriel Dias","MEI","Internacional","4,24",4,"1,97","0,00","0,00",5,0,0,0,6,1,0,0,0,0,0,0,0,0,0,5,0,3
"303","Vinicius","ATA","Chapecoense","4,34",2,"1,95","0,00","0,00",1,0,0,0,2,2,1,0,0,0,0,0,0,0,0,1,0,3
"304","Ronaldo Alves","ZAG","Sport","5,45",6,"1,95","2,40","0,19",5,0,0,1,7,2,1,0,0,0,0,0,1,0,0,5,1,7
"305","Valdívia","MEI","São Paulo","6,52",4,"1,95","3,20","0,22",5,0,0,0,6,0,0,0,0,0,0,0,0,0,0,3,0,4
"306","Aylon","ATA","América-MG","6,67",5,"1,94","0,00","0,00",4,0,0,0,8,6,1,1,0,0,0,0,1,0,0,8,3,6
"307","Leonardo Silva","ZAG","Atlético-MG","9,37",1,"1,90","0,00","0,00",1,0,0,0,1,1,0,0,0,0,0,0,0,0,0,0,0,3
"308","Marcos Vinícius","MEI","Botafogo","4,24",2,"1,90","0,00","0,00",2,0,0,0,3,1,0,0,0,0,0,0,0,0,0,0,0,5
"309","Michel ","MEI","Grêmio","4,70",2,"1,90","0,00","0,00",3,0,0,0,1,0,0,0,0,0,0,0,0,0,0,0,0,4
"310","Guilherme","MEI","Atlético-PR","7,24",6,"1,90","-0,90","-1,16",7,0,0,0,11,6,1,0,0,0,0,0,1,0,0,7,0,17
"311","Juan Alano","MEI","Internacional","2,20",3,"1,90","1,20","-0,02",4,0,0,0,0,0,1,0,0,0,0,0,0,0,0,3,0,0
"312","David Braz","ZAG","Santos","8,51",5,"1,88","-0,30","-0,43",7,0,0,1,2,1,0,0,0,0,0,0,2,0,0,3,0,8
"313","Zé Ivaldo","ZAG","Atlético-PR","3,43",7,"1,87","5,10","1,32",4,0,0,3,5,2,1,0,0,0,0,0,2,0,0,9,1,14
"314","Leandro Damião","ATA","Internacional","7,69",6,"1,83","9,20","2,14",1,1,0,0,8,9,6,0,0,0,0,0,3,0,0,11,3,13
"315","Uillian Correia","MEI","Vitória","5,00",4,"1,83","0,00","0,00",7,0,0,0,1,1,4,0,0,0,0,0,1,0,0,8,0,11
"316","Werley","ZAG","Vasco","5,36",5,"1,82","0,00","0,00",9,0,0,0,4,2,2,0,0,0,1,0,0,0,0,6,0,8
"317","Igor Rabello","ZAG","Botafogo","9,44",7,"1,82","0,60","-0,24",9,1,0,0,6,2,1,0,0,0,1,0,1,0,0,4,1,17
"318","Henrique Dourado","ATA","Flamengo","11,63",7,"1,80","-1,00","-0,44",1,2,0,0,11,3,0,0,0,0,0,0,2,0,0,10,4,6
"319","Arthur Gomes","ATA","Santos","3,63",4,"1,80","0,00","0,00",1,0,1,0,2,0,0,0,0,0,0,0,0,0,0,0,0,1
"320","Jorginho","TEC","Ceará","4,79",1,"1,77","1,77","-0,56",0,0,0,0,0,0,0,0,0,0,0,0,0,0,0,0,0,0
"321","Gabriel","MEI","Sport","4,62",6,"1,75","0,20","-0,66",3,0,0,0,12,2,4,0,0,0,0,0,1,0,0,4,0,8
"322","Alex Santana","MEI","Paraná","2,56",2,"1,75","0,00","0,00",1,0,0,0,0,1,1,0,0,0,0,0,0,0,0,0,0,0
"323","Léo Itaperuna","ATA","Paraná","3,79",5,"1,74","3,00","0,63",2,0,1,0,5,2,0,0,0,0,0,0,0,0,0,5,0,3
"324","Paulo Victor","GOL","Grêmio","6,92",1,"1,70","0,00","0,00",0,0,0,0,0,0,0,0,2,0,0,0,0,0,2,0,0,1
"325","Tréllez","ATA","São Paulo","5,68",5,"1,70","-1,30","-0,38",0,1,0,0,2,0,0,1,0,0,0,0,0,0,0,4,0,5
"326","Andrigo","MEI","Sport","5,60",3,"1,70","0,00","0,00",3,0,0,0,2,2,2,0,0,0,0,0,0,0,0,3,1,8
"327","Gustavo Bochecha","MEI","Botafogo","4,17",5,"1,70","0,90","0,09",8,0,0,0,10,2,0,0,0,0,0,0,2,0,0,5,0,12
"328","Caio Henrique","MEI","Paraná","3,59",7,"1,70","1,50","0,29",4,0,1,0,5,7,2,0,0,0,0,0,0,0,0,7,2,17
"329","Jadson","MEI","Corinthians","7,42",4,"1,65","3,50","0,44",2,0,1,0,1,1,1,0,0,0,0,0,0,0,0,3,0,8
"330","Allione","MEI","Bahia","4,68",3,"1,63","5,00","0,29",0,0,1,0,1,0,0,0,0,0,0,0,0,0,0,0,0,2
"331","Amaral","MEI","Chapecoense","4,43",7,"1,62","0,70","-0,47",13,0,0,0,2,1,1,0,0,0,0,0,1,0,0,13,0,9
"332","Caíque","GOL","Vitória","3,50",5,"1,62","0,00","0,00",0,0,0,0,1,0,0,0,8,1,0,0,1,0,10,1,0,3
"333","André Lima","ATA","Vitória","4,70",3,"1,60","-0,50","0,17",0,1,0,0,2,0,1,0,0,0,0,0,1,0,0,3,2,3
"334","Camacho","MEI","Atlético-PR","4,20",6,"1,60","-0,30","-0,50",13,0,0,0,4,1,1,0,0,0,0,1,0,0,0,7,0,18
"335","Renan Lodi","LAT","Atlético-PR","2,47",3,"1,60","0,00","0,00",1,0,0,0,2,2,1,0,0,0,0,0,0,0,0,1,0,0
"336","Arnaldo","LAT","Ceará","4,42",4,"1,57","0,00","0,00",4,0,0,1,3,0,0,0,0,0,0,0,1,0,0,3,0,9
"337","Geuvânio","ATA","Flamengo","5,03",3,"1,50","0,00","0,00",4,0,1,0,1,1,1,0,0,0,0,0,2,0,0,6,1,5
"338","Moisés","MEI","Palmeiras","5,68",4,"1,50","0,00","0,00",5,0,0,0,1,1,0,0,0,0,0,0,0,0,0,2,0,6
"339","Lucas Lima","MEI","Palmeiras","6,35",7,"1,50","-1,70","-1,51",8,0,1,0,7,3,0,1,0,0,0,0,2,0,0,15,0,13
"340","Diego","ATA","Paraná","4,48",1,"1,50","0,00","0,00",2,0,0,0,0,0,0,0,0,0,0,0,0,0,0,0,0,5
"341","Jailson","MEI","Grêmio","4,40",4,"1,48","3,60","0,63",5,0,0,0,3,0,0,0,0,0,0,0,0,0,0,2,0,7
"342","Evander","MEI","Vasco","5,68",3,"1,47","0,00","0,00",4,0,0,0,1,3,0,0,0,0,0,0,1,0,0,2,0,5
"343","Willian Arão","MEI","Flamengo","4,58",2,"1,45","0,00","0,00",6,0,0,0,0,0,0,0,0,0,0,0,1,0,0,4,0,7
"344","André","ATA","Grêmio","8,02",7,"1,42","-0,10","-0,18",3,2,0,0,10,5,3,0,0,0,0,0,2,0,0,19,8,19
"345","Márcio Araújo","MEI","Chapecoense","3,13",6,"1,42","2,50","0,13",8,0,0,0,6,1,0,0,0,0,0,0,1,0,0,4,0,11
"346","Robinho","MEI","Cruzeiro","5,28",7,"1,40","0,80","-0,18",11,0,0,0,9,3,1,0,0,0,0,0,2,0,0,5,1,26
"347","Jesiel","ZAG","Paraná","3,37",5,"1,40","0,00","0,00",8,0,0,0,1,1,0,0,0,0,0,0,1,0,0,5,0,6
"348","Roger","ATA","Corinthians","5,06",4,"1,37","-0,30","-0,93",1,1,0,0,1,4,0,0,0,0,0,0,0,0,0,10,3,4
"349","Renato","MEI","Santos","6,83",2,"1,30","0,90","-0,19",2,0,0,0,0,1,0,0,0,0,0,0,0,0,0,0,0,4
"350","Ribamar","ATA","Atlético-PR","4,48",3,"1,30","0,00","0,00",0,0,0,0,4,5,0,0,0,0,0,0,0,0,0,2,1,2
"351","Jandrei","GOL","Chapecoense","3,97",7,"1,29","-3,00","-0,54",1,0,0,1,2,0,0,0,11,0,0,0,0,0,15,0,0,5
"352","Lima","MEI","Grêmio","1,92",4,"1,27","1,50","-0,14",2,0,0,0,2,0,2,0,0,0,0,0,0,0,0,2,0,1
"353","Edílson","LAT","Cruzeiro","7,42",2,"1,25","2,10","-1,81",1,0,0,1,0,0,0,0,0,0,0,0,1,0,0,1,0,5
"354","Júnior Brumado","ATA","Bahia","2,76",6,"1,25","-3,10","-1,25",4,1,0,0,6,3,0,0,0,0,0,0,2,0,0,10,4,3
"355","Wanderson","ZAG","Atlético-PR","4,07",2,"1,25","3,60","0,73",1,0,0,1,0,0,0,0,0,0,0,0,0,0,0,5,0,5
"356","Zé Ricardo","MEI","América-MG","1,46",3,"1,23","0,00","0,00",2,0,0,0,2,2,0,0,0,0,0,0,0,0,0,2,0,3
"357","Carlos Eduardo","MEI","Paraná","4,01",2,"1,20","0,00","-1,09",1,0,0,0,2,1,0,0,0,0,0,0,0,0,0,0,0,3
"358","Douglas Coutinho ","ATA","Ceará","4,76",1,"1,20","1,20","-1,24",0,0,0,0,0,0,1,0,0,0,0,0,0,0,0,0,0,0
"359","Pará","LAT","Flamengo","3,10",2,"1,15","0,00","0,00",2,0,0,0,2,0,0,0,0,0,0,0,0,0,0,1,0,4
"360","Michel Bastos","MEI","Sport","3,94",1,"1,10","0,00","0,00",0,0,0,0,0,2,0,0,0,0,0,0,0,0,0,1,0,0
"361","Jeferson","LAT","Vitória","3,66",6,"1,07","-0,60","-0,25",6,0,1,0,3,1,1,0,0,0,0,0,2,0,0,6,1,12
"362","Arthur","ATA","Ceará","4,36",4,"1,07","0,00","0,00",2,0,0,0,0,2,2,0,0,0,0,0,0,0,0,3,0,4
"363","Marco Antônio","MEI","Bahia","1,89",2,"1,05","0,00","0,00",2,0,0,0,4,1,0,0,0,0,0,0,1,0,0,1,0,4
"364","Rafael Thyere","ZAG","Chapecoense","2,47",6,"1,02","3,20","0,79",7,0,0,1,3,0,0,0,0,0,0,0,3,0,0,4,1,8
"365","Hyuri","ATA","Ceará","3,32",3,"1,00","3,80","0,86",2,0,0,0,2,2,0,0,0,0,0,0,0,0,0,3,1,2
"366","Pepê","ATA","Grêmio","2,30",2,"1,00","0,00","0,00",3,0,0,0,1,1,0,0,0,0,0,0,1,0,0,3,0,1
"367","Raphael Veiga","MEI","Atlético-PR","5,23",5,"0,98","0,00","-0,20",0,0,1,0,4,0,0,0,0,0,0,0,0,0,0,0,0,7
"368","Fabrício","MEI","Sport","2,56",2,"0,95","0,00","0,00",0,0,0,0,1,1,1,0,0,0,0,0,0,0,0,0,0,2
"369","Matheus Alessandro","ATA","Fluminense","2,88",2,"0,95","0,00","0,00",1,0,0,0,3,0,1,0,0,0,0,0,1,0,0,0,0,1
"370","Carlos Henrique","ATA","Sport","2,70",5,"0,94","0,00","-0,78",0,1,0,0,4,1,1,0,0,0,0,0,1,0,0,3,4,6
"371","Leandro Vilela","MEI","Paraná","3,45",4,"0,92","0,90","0,09",6,0,0,0,5,2,0,0,0,0,0,0,2,0,0,6,0,8
"372","Lucho González","MEI","Atlético-PR","4,67",5,"0,90","0,70","-0,23",8,0,0,0,0,1,0,0,0,0,0,0,1,0,0,3,0,16
"373","Eder Luis","ATA","Ceará","3,76",2,"0,90","0,00","0,00",0,0,0,0,2,2,0,0,0,0,0,0,0,0,0,0,1,1
"374","Diego Pituca","MEI","Santos","1,28",4,"0,88","3,00","0,55",4,0,0,0,1,0,0,0,0,0,0,0,1,0,0,2,0,0
"375","Thiago Neves","MEI","Cruzeiro","9,94",4,"0,85","2,70","-0,62",1,0,0,0,3,2,4,0,0,0,0,0,0,0,0,2,1,15
"376","Rafael Galhardo","LAT","Vasco","2,76",6,"0,85","-1,50","-0,62",5,0,0,0,7,4,2,0,0,0,0,0,1,0,0,6,1,20
"377","Nathan","ZAG","Fluminense","2,56",2,"0,85","-1,50","-1,05",2,0,0,0,1,0,0,0,0,0,0,0,0,0,0,3,0,1
"378","William Pottker","ATA","Internacional","2,47",6,"0,82","1,50","-0,11",5,0,0,0,12,5,3,0,0,0,0,1,1,0,0,7,3,14
"379","Júnior Santos","ATA","Chapecoense","0,97",1,"0,80","0,00","0,00",0,0,0,0,1,1,0,0,0,0,0,0,0,0,0,1,0,0
"380","Ernando","ZAG","Sport","3,73",7,"0,78","0,20","0,08",4,0,0,1,4,0,0,0,0,0,0,0,2,0,0,4,0,5
"381","Cícero","MEI","Grêmio","4,81",5,"0,78","1,10","0,07",1,0,0,0,1,2,2,0,0,0,0,0,0,0,0,0,0,7
"382","Ramon","ZAG","Vitória","2,37",5,"0,78","0,20","-0,52",6,0,0,0,3,2,0,0,0,0,0,0,2,0,0,6,0,4
"383","Magrão","GOL","Sport","7,66",3,"0,77","5,70","1,42",0,0,0,0,1,0,0,0,2,1,0,0,0,0,5,0,0,4
"384","Flávio","MEI","Bahia","2,49",2,"0,75","1,50","0,29",1,0,0,0,1,0,0,0,0,0,0,0,0,0,0,1,0,0
"385","D'Alessandro","MEI","Internacional","6,68",4,"0,72","0,00","0,00",1,0,0,0,6,3,1,0,0,0,0,0,0,0,0,1,1,14
"386","Guilherme Costa","MEI","Vitória","2,25",4,"0,70","0,00","0,00",2,0,0,0,8,0,0,0,0,0,0,0,1,0,0,2,0,4
"387","Kayke","ATA","Bahia","4,53",1,"0,70","0,00","0,00",0,0,0,0,0,0,1,0,0,0,0,0,0,0,0,1,0,0
"388","Vecchio","MEI","Santos","5,26",1,"0,70","0,00","0,00",1,0,0,0,0,0,0,0,0,0,0,0,0,0,0,1,0,1
"389","Ferreira","MEI","Sport","3,27",2,"0,70","0,00","0,00",3,0,0,0,0,0,0,0,0,0,0,0,1,0,0,1,0,2
"390","Jean Lucas","MEI","Flamengo","1,43",5,"0,70","0,00","-0,45",2,0,0,0,3,0,0,0,0,0,0,0,0,0,0,2,0,0
"391","Felipe Azevedo","ATA","Ceará","4,00",7,"0,69","0,50","0,12",5,0,0,0,6,2,1,0,0,0,0,0,0,0,0,8,0,15
"392","Pedrinho","MEI","Corinthians","2,22",6,"0,63","0,00","-0,02",3,0,0,0,9,2,2,0,0,0,0,0,1,0,0,5,1,14
"393","Matheus Galdezani","MEI","Atlético-MG","3,54",4,"0,62","0,00","0,00",2,0,0,0,0,1,0,0,0,0,0,0,0,0,0,2,0,1
"394","Bruno Henrique","ATA","Santos","10,42",2,"0,60","1,00","-2,33",0,0,0,0,3,1,0,0,0,0,0,0,0,0,0,1,0,2
"395","Klaus","ZAG","Internacional","2,61",2,"0,60","0,50","-0,50",1,0,0,0,0,1,0,0,0,0,0,0,0,0,0,1,0,2
"396","Maycon","MEI","Corinthians","2,83",6,"0,60","-3,80","-1,25",8,0,0,0,2,1,4,0,0,0,0,0,3,0,0,9,0,15
"397","Vitor Feijão","ATA","Paraná","2,62",3,"0,57","0,00","0,00",1,0,0,0,3,1,1,0,0,0,0,0,1,0,0,2,0,1
"398","Douglas Friedrich","GOL","Bahia","2,36",6,"0,52","0,00","0,00",0,0,0,2,2,0,0,0,6,0,1,0,1,0,9,0,0,3
"399","Marcelo Oliveira","LAT","Grêmio","2,98",2,"0,50","0,00","0,00",3,0,0,0,0,0,0,0,0,0,0,0,1,0,0,3,0,0
"400","Gustavo Henrique","ZAG","Santos","3,50",2,"0,50","-0,50","-0,52",2,0,0,0,1,1,0,0,0,0,0,0,0,0,0,3,0,6
"401","Vitor Bueno","MEI","Santos","5,23",4,"0,50","0,00","0,00",2,0,0,0,2,2,0,0,0,0,0,0,0,0,0,3,0,7
"402","Tchê Tchê","MEI","Palmeiras","5,93",1,"0,50","0,00","0,00",0,0,0,0,0,1,0,0,0,0,0,0,0,0,0,0,0,1
"403","Vitinho","LAT","Cruzeiro","0,95",1,"0,50","0,00","0,00",0,0,0,0,1,0,0,0,0,0,0,0,0,0,0,0,0,0
"404","Douglas","MEI","Fluminense","3,04",2,"0,50","0,00","0,00",1,0,0,0,0,0,0,0,0,0,0,0,0,0,0,1,0,0
"405","Ramiro","MEI","Grêmio","4,49",5,"0,48","-2,40","-0,95",8,0,0,0,8,2,1,0,0,0,0,0,4,0,0,11,1,8
"406","Maicosuel","MEI","Grêmio","2,92",3,"0,47","0,00","0,00",0,0,0,0,2,0,1,0,0,0,0,0,0,0,0,1,0,1
"407","Alerrandro","ATA","Atlético-MG","0,96",3,"0,43","0,60","0,19",1,0,0,0,0,2,0,0,0,0,0,0,0,0,0,3,0,1
"408","Lucas Romero","MEI","Cruzeiro","3,80",5,"0,42","-0,50","-0,16",5,0,0,0,3,0,1,0,0,0,0,0,0,0,0,8,1,12
"409","Luiz Fernando ","MEI","Botafogo","3,48",4,"0,42","1,60","0,28",2,0,0,0,7,4,0,0,0,0,0,0,2,0,0,2,3,5
"410","Marlos","ATA","Flamengo","3,69",3,"0,40","0,00","0,00",3,0,0,0,4,0,0,0,0,0,0,0,1,0,0,4,2,1
"411","Lincoln","ATA","Flamengo","2,59",2,"0,35","0,00","0,00",0,0,0,0,0,0,1,0,0,0,0,0,0,0,0,1,0,0
"412","Yuri Alberto","ATA","Santos","2,36",2,"0,35","1,20","0,28",1,0,0,0,0,0,1,0,0,0,0,0,1,0,0,0,0,0
"413","Felipe Melo","MEI","Palmeiras","2,64",6,"0,33","-1,20","-0,83",9,0,0,0,2,3,1,0,0,0,0,0,3,0,0,10,0,17
"414","Júnior Dutra","ATA","Corinthians","4,92",3,"0,33","0,70","-0,01",2,0,0,0,2,0,0,0,0,0,0,0,0,0,0,3,0,5
"415","Rayan","ZAG","Paraná","2,05",4,"0,32","0,00","0,00",1,0,0,0,1,2,1,0,0,0,0,0,0,0,0,2,2,5
"416","Samuel Xavier","LAT","Ceará","3,41",2,"0,30","-1,90","-0,87",3,0,0,0,4,0,0,0,0,0,0,0,1,0,0,3,0,8
"417","Fabrício","LAT","Vasco","3,80",1,"0,30","0,30","-1,20",2,0,0,0,2,0,0,0,0,0,0,0,1,0,0,1,0,4
"418","Luan Viana","ATA","Paraná","1,51",1,"0,30","0,00","0,00",0,0,0,0,0,1,0,0,0,0,0,0,0,0,0,0,1,0
"419","Aderllan","ZAG","Vitória","1,51",2,"0,30","2,50","0,60",1,0,0,0,2,0,0,0,0,0,0,0,0,0,0,2,0,3
"420","Judivan ","ATA","América-MG","2,00",3,"0,27","0,00","-0,16",0,0,0,0,1,2,0,0,0,0,0,0,0,0,0,2,0,1
"421","Bruno Silva","ATA","Chapecoense","0,76",3,"0,27","-0,30","-0,04",2,0,0,0,0,0,0,0,0,0,0,0,0,0,0,2,0,4
"422","Richard","GOL","Paraná","4,18",2,"0,25","0,00","0,00",0,0,0,0,1,0,0,0,2,0,0,0,0,0,3,0,0,0
"423","Wesley Dias","MEI","Paraná","1,50",4,"0,25","0,00","0,00",3,0,0,0,6,0,0,0,0,0,0,0,0,0,0,7,0,10
"424","Wellington","MEI","Vasco","2,85",3,"0,23","0,00","0,00",2,0,0,0,1,2,2,0,0,0,0,0,2,0,0,2,0,6
"425","Copete","ATA","Santos","5,93",2,"0,20","0,00","0,00",1,0,0,0,1,0,0,0,0,0,0,0,0,0,0,2,0,2
"426","Zezinho","MEI","Paraná","4,47",1,"0,20","0,00","0,00",0,0,0,0,1,0,0,0,0,0,0,0,0,0,0,0,0,1
"427","Douglas Grolli","ZAG","Bahia","2,89",1,"0,20","0,00","0,00",1,0,0,0,0,0,0,0,0,0,0,0,0,0,0,2,0,1
"428","José Welison","MEI","Vitória","2,63",5,"0,20","1,00","0,01",7,0,0,0,1,1,0,0,0,0,0,0,0,0,0,12,0,16
"429","Bill","ATA","Atlético-PR","1,56",1,"0,20","0,00","0,00",0,0,0,0,0,0,1,0,0,0,0,0,0,0,0,2,0,0
"430","Reina","MEI","Ceará","2,22",2,"0,15","0,00","0,00",0,0,0,0,2,0,1,0,0,0,0,0,0,0,0,2,0,3
"431","Vinícius","MEI","Bahia","3,78",7,"0,13","-0,60","-0,50",1,0,0,0,3,5,2,0,0,0,0,0,0,0,0,5,0,20
"432","Rodrigo Pimpão","ATA","Botafogo","3,63",4,"0,10","0,00","0,00",2,0,0,0,6,1,0,0,0,0,0,0,1,0,0,4,0,8
"433","Rildo","ATA","Vasco","2,99",2,"0,10","0,00","0,00",0,0,0,0,8,2,0,0,0,0,0,0,1,0,0,1,1,8
"434","Nenén","MEI","Chapecoense","2,08",2,"0,10","0,00","0,00",0,0,0,0,2,0,0,0,0,0,0,0,0,0,0,1,0,1
"435","Nadson","MEI","Chapecoense","1,61",3,"0,07","0,60","-0,23",1,0,0,0,3,0,0,0,0,0,0,0,0,0,0,2,0,6
"436","Renan","GOL","Ceará","4,00",0,"0,00","0,00","0,00",0,0,0,0,0,0,0,0,0,0,0,0,0,0,0,0,0,0
"437","Fernando Prass","GOL","Palmeiras","12,00",0,"0,00","0,00","0,00",0,0,0,0,0,0,0,0,0,0,0,0,0,0,0,0,0,0
"438","Durval","ZAG","Sport","6,00",0,"0,00","0,00","0,00",0,0,0,0,0,0,0,0,0,0,0,0,0,0,0,0,0,0
"439","Fred","ATA","Cruzeiro","16,00",0,"0,00","0,00","0,00",0,0,0,0,0,0,0,0,0,0,0,0,0,0,0,0,0,0
"440","Ramon","LAT","Vasco","10,00",0,"0,00","0,00","0,00",0,0,0,0,0,0,0,0,0,0,0,0,0,0,0,0,0,0
"441","Wellington Silva","ATA","Internacional","2,83",1,"0,00","0,00","0,00",0,0,0,0,0,0,0,0,0,0,0,0,0,0,0,0,0,0
"442","Marcelo Mattos","MEI","Vasco","2,00",0,"0,00","0,00","0,00",0,0,0,0,0,0,0,0,0,0,0,0,0,0,0,0,0,0
"443","Neto","ZAG","Chapecoense","2,00",0,"0,00","0,00","0,00",0,0,0,0,0,0,0,0,0,0,0,0,0,0,0,0,0,0
"444","Giovanni","GOL","Atlético-MG","6,00",0,"0,00","0,00","0,00",0,0,0,0,0,0,0,0,0,0,0,0,0,0,0,0,0,0
"445","Vladimir","GOL","Santos","6,00",0,"0,00","0,00","0,00",0,0,0,0,0,0,0,0,0,0,0,0,0,0,0,0,0,0
"446","Fernando Henrique","GOL","Ceará","3,00",0,"0,00","0,00","0,00",0,0,0,0,0,0,0,0,0,0,0,0,0,0,0,0,0,0
"447","Jackson Caucaia","MEI","Ceará","2,00",0,"0,00","0,00","0,00",0,0,0,0,0,0,0,0,0,0,0,0,0,0,0,0,0,0
"448","Romulo","MEI","Flamengo","2,99",1,"0,00","0,00","-1,01",0,0,0,0,0,0,0,0,0,0,0,0,0,0,0,0,0,0
"449","Ederson","MEI","Flamengo","3,00",0,"0,00","0,00","0,00",0,0,0,0,0,0,0,0,0,0,0,0,0,0,0,0,0,0
"450","Marllon","ZAG","Corinthians","7,00",0,"0,00","0,00","0,00",0,0,0,0,0,0,0,0,0,0,0,0,0,0,0,0,0,0
"451","Seijas","MEI","Internacional","2,00",0,"0,00","0,00","0,00",0,0,0,0,0,0,0,0,0,0,0,0,0,0,0,0,0,0
"452","Jackson","ZAG","Bahia","4,00",0,"0,00","0,00","0,00",0,0,0,0,0,0,0,0,0,0,0,0,0,0,0,0,0,0
"453","Gabriel","ZAG","Grêmio","1,00",0,"0,00","0,00","0,00",0,0,0,0,0,0,0,0,0,0,0,0,0,0,0,0,0,0
"454","Bruno Grassi","GOL","Grêmio","4,00",0,"0,00","0,00","0,00",0,0,0,0,0,0,0,0,0,0,0,0,0,0,0,0,0,0
"455","Arouca","MEI","Atlético-MG","4,00",0,"0,00","0,00","0,00",0,0,0,0,0,0,0,0,0,0,0,0,0,0,0,0,0,0
"456","Felipe Alves","GOL","Atlético-PR","2,00",0,"0,00","0,00","0,00",0,0,0,0,0,0,0,0,0,0,0,0,0,0,0,0,0,0
"457","Hernane","ATA","Grêmio","5,00",0,"0,00","0,00","0,00",0,0,0,0,0,0,0,0,0,0,0,0,0,0,0,0,0,0
"458","João Paulo","MEI","Botafogo","10,00",0,"0,00","0,00","0,00",0,0,0,0,0,0,0,0,0,0,0,0,0,0,0,0,0,0
"459","Bruno Pires","ZAG","Ceará","4,00",0,"0,00","0,00","0,00",0,0,0,0,0,0,0,0,0,0,0,0,0,0,0,0,0,0
"460","Nilton","MEI","Bahia","7,00",0,"0,00","0,00","0,00",0,0,0,0,0,0,0,0,0,0,0,0,0,0,0,0,0,0
"461","David","MEI","América-MG","3,00",0,"0,00","0,00","0,00",0,0,0,0,0,0,0,0,0,0,0,0,0,0,0,0,0,0
"462","Douglas","MEI","Grêmio","7,00",0,"0,00","0,00","0,00",0,0,0,0,0,0,0,0,0,0,0,0,0,0,0,0,0,0
"463","Dudu Cearense","MEI","Botafogo","4,00",0,"0,00","0,00","0,00",0,0,0,0,0,0,0,0,0,0,0,0,0,0,0,0,0,0
"464","Vilson","ZAG","Corinthians","4,00",0,"0,00","0,00","0,00",0,0,0,0,0,0,0,0,0,0,0,0,0,0,0,0,0,0
"465","Danilo Silva","ZAG","Internacional","5,00",0,"0,00","0,00","0,00",0,0,0,0,0,0,0,0,0,0,0,0,0,0,0,0,0,0
"466","Pedro Ken","MEI","Ceará","5,00",0,"0,00","0,00","0,00",0,0,0,0,0,0,0,0,0,0,0,0,0,0,0,0,0,0
"467","Bruno","LAT","São Paulo","4,00",0,"0,00","0,00","0,00",0,0,0,0,0,0,0,0,0,0,0,0,0,0,0,0,0,0
"468","Kanu","ZAG","Vitória","1,89",6,"0,00","0,00","0,00",8,0,0,0,0,1,0,0,0,0,0,0,3,0,0,9,1,6
"469","Luis Ricardo","LAT","Botafogo","4,00",0,"0,00","0,00","0,00",0,0,0,0,0,0,0,0,0,0,0,0,0,0,0,0,0,0
"470","Uendel","LAT","Internacional","6,00",0,"0,00","0,00","0,00",0,0,0,0,0,0,0,0,0,0,0,0,0,0,0,0,0,0
"471","Jean","LAT","Palmeiras","7,00",0,"0,00","0,00","0,00",0,0,0,0,0,0,0,0,0,0,0,0,0,0,0,0,0,0
"472","Rodolfo","GOL","Fluminense","3,00",0,"0,00","0,00","0,00",0,0,0,0,0,0,0,0,0,0,0,0,0,0,0,0,0,0
"473","Alan Ruschel","MEI","Chapecoense","5,00",0,"0,00","0,00","0,00",0,0,0,0,0,0,0,0,0,0,0,0,0,0,0,0,0,0
"474","Juninho","LAT","Vitória","3,44",1,"0,00","0,00","0,00",0,0,0,0,0,0,0,0,0,0,0,0,0,0,0,0,0,0
"475","Digão","ZAG","Cruzeiro","6,00",0,"0,00","0,00","0,00",0,0,0,0,0,0,0,0,0,0,0,0,0,0,0,0,0,0
"476","Fernando Leal","GOL","América-MG","3,00",0,"0,00","0,00","0,00",0,0,0,0,0,0,0,0,0,0,0,0,0,0,0,0,0,0
"477","Lima","ZAG","América-MG","5,00",0,"0,00","0,00","0,00",0,0,0,0,0,0,0,0,0,0,0,0,0,0,0,0,0,0
"478","Bryan","LAT","Vitória","7,00",0,"0,00","0,00","0,00",0,0,0,0,0,0,0,0,0,0,0,0,0,0,0,0,0,0
"479","Jonatas Belusso","ATA","Vitória","5,00",0,"0,00","0,00","0,00",0,0,0,0,0,0,0,0,0,0,0,0,0,0,0,0,0,0
"480","Alex Amado","ATA","Ceará","4,00",0,"0,00","0,00","0,00",0,0,0,0,0,0,0,0,0,0,0,0,0,0,0,0,0,0
"481","Moisés Ribeiro","MEI","Chapecoense","4,00",0,"0,00","0,00","0,00",0,0,0,0,0,0,0,0,0,0,0,0,0,0,0,0,0,0
"482","Luiz Felipe","ZAG","Santos","4,00",0,"0,00","0,00","0,00",0,0,0,0,0,0,0,0,0,0,0,0,0,0,0,0,0,0
"483","Romário Rodrigues","ATA","Ceará","2,00",0,"0,00","0,00","0,00",0,0,0,0,0,0,0,0,0,0,0,0,0,0,0,0,0,0
"484","Ricardo Silva","ZAG","América-MG","3,00",0,"0,00","0,00","0,00",0,0,0,0,0,0,0,0,0,0,0,0,0,0,0,0,0,0
"485","Nery Bareiro","ZAG","Chapecoense","5,00",0,"0,00","0,00","0,00",0,0,0,0,0,0,0,0,0,0,0,0,0,0,0,0,0,0
"486","Matheus Mancini","ZAG","Atlético-MG","3,00",0,"0,00","0,00","0,00",0,0,0,0,0,0,0,0,0,0,0,0,0,0,0,0,0,0
"487","Ivan","GOL","Chapecoense","2,00",0,"0,00","0,00","0,00",0,0,0,0,0,0,0,0,0,0,0,0,0,0,0,0,0,0
"488","Matheus Vidotto","GOL","Corinthians","2,00",0,"0,00","0,00","0,00",0,0,0,0,0,0,0,0,0,0,0,0,0,0,0,0,0,0
"489","Fabinho","MEI","Internacional","3,52",1,"0,00","0,00","0,00",0,0,0,0,0,0,0,0,0,0,0,0,0,0,0,0,0,0
"490","Luiz Gustavo","ZAG","Vasco","4,00",0,"0,00","0,00","0,00",0,0,0,0,0,0,0,0,0,0,0,0,0,0,0,0,0,0
"491","Luan","ZAG","Palmeiras","5,00",0,"0,00","0,00","0,00",0,0,0,0,0,0,0,0,0,0,0,0,0,0,0,0,0,0
"492","Max","ZAG","Sport","2,00",0,"0,00","0,00","0,00",0,0,0,0,0,0,0,0,0,0,0,0,0,0,0,0,0,0
"493","Oswaldo Henríquez","ZAG","Sport","6,00",0,"0,00","0,00","0,00",0,0,0,0,0,0,0,0,0,0,0,0,0,0,0,0,0,0
"494","Mayke","LAT","Palmeiras","7,00",0,"0,00","0,00","0,00",0,0,0,0,0,0,0,0,0,0,0,0,0,0,0,0,0,0
"495","Josué","ZAG","Vitória","2,00",0,"0,00","0,00","0,00",0,0,0,0,0,0,0,0,0,0,0,0,0,0,0,0,0,0
"496","Clayton","ATA","Atlético-MG","6,00",0,"0,00","0,00","0,00",0,0,0,0,0,0,0,0,0,0,0,0,0,0,0,0,0,0
"497","Osman","ATA","Chapecoense","4,00",0,"0,00","0,00","0,00",0,0,0,0,0,0,0,0,0,0,0,0,0,0,0,0,0,0
"498","Thales ","ZAG","Internacional","4,00",0,"0,00","0,00","0,00",0,0,0,0,0,0,0,0,0,0,0,0,0,0,0,0,0,0
"499","Ruy","MEI","América-MG","3,76",3,"0,00","-0,40","-0,29",0,0,0,0,3,0,0,0,0,0,0,0,0,0,0,0,0,5
"500","Léo Pereira","ZAG","Atlético-PR","3,00",0,"0,00","0,00","0,00",0,0,0,0,0,0,0,0,0,0,0,0,0,0,0,0,0,0
"501","Glauco","GOL","América-MG","4,00",0,"0,00","0,00","0,00",0,0,0,0,0,0,0,0,0,0,0,0,0,0,0,0,0,0
"502","Charles","ZAG","Paraná","6,00",0,"0,00","0,00","0,00",0,0,0,0,0,0,0,0,0,0,0,0,0,0,0,0,0,0
"503","Lucas Cândido","MEI","Atlético-MG","2,00",0,"0,00","0,00","0,00",0,0,0,0,0,0,0,0,0,0,0,0,0,0,0,0,0,0
"504","Marcos Felipe ","GOL","Fluminense","2,00",0,"0,00","0,00","0,00",0,0,0,0,0,0,0,0,0,0,0,0,0,0,0,0,0,0
"505","Marcelo","MEI","Botafogo","4,00",0,"0,00","0,00","0,00",0,0,0,0,0,0,0,0,0,0,0,0,0,0,0,0,0,0
"506","Uilson","GOL","Atlético-MG","2,00",0,"0,00","0,00","0,00",0,0,0,0,0,0,0,0,0,0,0,0,0,0,0,0,0,0
"507","Berrío ","ATA","Flamengo","5,00",0,"0,00","0,00","0,00",0,0,0,0,0,0,0,0,0,0,0,0,0,0,0,0,0,0
"508","João Paulo","GOL","Santos","2,00",0,"0,00","0,00","0,00",0,0,0,0,0,0,0,0,0,0,0,0,0,0,0,0,0,0
"509","Vinicius","ZAG","Vitória","3,00",0,"0,00","0,00","0,00",0,0,0,0,0,0,0,0,0,0,0,0,0,0,0,0,0,0
"510","Léo","GOL","Grêmio","3,00",0,"0,00","0,00","0,00",0,0,0,0,0,0,0,0,0,0,0,0,0,0,0,0,0,0
"511","Felipe Rodrigues","LAT","Sport","2,00",0,"0,00","0,00","0,00",0,0,0,0,0,0,0,0,0,0,0,0,0,0,0,0,0,0
"512","Júnior","ATA","Vitória","3,00",0,"0,00","0,00","0,00",0,0,0,0,0,0,0,0,0,0,0,0,0,0,0,0,0,0
"513","Yuri","LAT","Botafogo","1,00",0,"0,00","0,00","0,00",0,0,0,0,0,0,0,0,0,0,0,0,0,0,0,0,0,0
"514","Lucas Macanhan","GOL","Atlético-PR","1,00",0,"0,00","0,00","0,00",0,0,0,0,0,0,0,0,0,0,0,0,0,0,0,0,0,0
"515","Lucas","MEI","Vasco","3,00",0,"0,00","0,00","0,00",0,0,0,0,0,0,0,0,0,0,0,0,0,0,0,0,0,0
"516","Arthur","ZAG","Cruzeiro","3,00",0,"0,00","0,00","0,00",0,0,0,0,0,0,0,0,0,0,0,0,0,0,0,0,0,0
"517","Bruno Paulista","MEI","Vasco","4,00",0,"0,00","0,00","0,00",0,0,0,0,0,0,0,0,0,0,0,0,0,0,0,0,0,0
"518","Jadson","ATA","Grêmio","1,00",0,"0,00","0,00","0,00",0,0,0,0,0,0,0,0,0,0,0,0,0,0,0,0,0,0
"519","Jean","MEI","Botafogo","2,18",1,"0,00","0,00","0,00",0,0,0,0,0,0,0,0,0,0,0,0,0,0,0,0,0,0
"520","Léo Passos","ATA","Palmeiras","2,00",0,"0,00","0,00","0,00",0,0,0,0,0,0,0,0,0,0,0,0,0,0,0,0,0,0
"521","Balbino","MEI","Grêmio","2,00",0,"0,00","0,00","0,00",0,0,0,0,0,0,0,0,0,0,0,0,0,0,0,0,0,0
"522","Paulinho","ATA","Vasco","8,00",0,"0,00","0,00","0,00",0,0,0,0,0,0,0,0,0,0,0,0,0,0,0,0,0,0
"523","Leonardo Simas","LAT","Atlético-PR","1,00",0,"0,00","0,00","0,00",0,0,0,0,0,0,0,0,0,0,0,0,0,0,0,0,0,0
"524","Iago Maidana","ZAG","Atlético-MG","4,00",0,"0,00","0,00","0,00",0,0,0,0,0,0,0,0,0,0,0,0,0,0,0,0,0,0
"525","Caju","LAT","Santos","5,00",0,"0,00","0,00","0,00",0,0,0,0,0,0,0,0,0,0,0,0,0,0,0,0,0,0
"526","Lucas Campos","ATA","Botafogo","1,00",0,"0,00","0,00","0,00",0,0,0,0,0,0,0,0,0,0,0,0,0,0,0,0,0,0
"527","Saulo","GOL","Botafogo","1,00",0,"0,00","0,00","0,00",0,0,0,0,0,0,0,0,0,0,0,0,0,0,0,0,0,0
"528","Patrick","MEI","Grêmio","2,00",0,"0,00","0,00","0,00",0,0,0,0,0,0,0,0,0,0,0,0,0,0,0,0,0,0
"529","Felipe","ATA","Fluminense","1,00",0,"0,00","0,00","0,00",0,0,0,0,0,0,0,0,0,0,0,0,0,0,0,0,0,0
"530","Baralhas","MEI","Atlético-PR","2,00",0,"0,00","0,00","0,00",0,0,0,0,0,0,0,0,0,0,0,0,0,0,0,0,0,0
"531","Caio","GOL","Atlético-PR","1,00",0,"0,00","0,00","0,00",0,0,0,0,0,0,0,0,0,0,0,0,0,0,0,0,0,0
"532","Khevin","MEI","Chapecoense","2,00",0,"0,00","0,00","0,00",0,0,0,0,0,0,0,0,0,0,0,0,0,0,0,0,0,0
"533","Igor Gomes","MEI","São Paulo","1,00",0,"0,00","0,00","0,00",0,0,0,0,0,0,0,0,0,0,0,0,0,0,0,0,0,0
"534","Nickson","MEI","Vitória","2,00",0,"0,00","0,00","0,00",0,0,0,0,0,0,0,0,0,0,0,0,0,0,0,0,0,0
"535","Kleber","LAT","Flamengo","2,00",0,"0,00","0,00","0,00",0,0,0,0,0,0,0,0,0,0,0,0,0,0,0,0,0,0
"536","Daniel ","ZAG","Atlético-PR","1,00",0,"0,00","0,00","0,00",0,0,0,0,0,0,0,0,0,0,0,0,0,0,0,0,0,0
"537","Pablo Maldini","LAT","Flamengo","1,00",0,"0,00","0,00","0,00",0,0,0,0,0,0,0,0,0,0,0,0,0,0,0,0,0,0
"538","Lucas Poletto","ATA","Grêmio","2,00",0,"0,00","0,00","0,00",0,0,0,0,0,0,0,0,0,0,0,0,0,0,0,0,0,0
"539","Linik","MEI","Vitória","1,00",0,"0,00","0,00","0,00",0,0,0,0,0,0,0,0,0,0,0,0,0,0,0,0,0,0
"540","Emerson Santos","ZAG","Palmeiras","3,00",0,"0,00","0,00","0,00",0,0,0,0,0,0,0,0,0,0,0,0,0,0,0,0,0,0
"541","Dodi","MEI","Fluminense","2,94",1,"0,00","0,00","0,00",0,0,0,0,0,0,0,0,0,0,0,0,0,0,0,0,0,0
"542","Leandrinho","MEI","Botafogo","3,00",0,"0,00","0,00","0,00",0,0,0,0,0,0,0,0,0,0,0,0,0,0,0,0,0,0
"543","Leonardo","LAT","Grêmio","2,00",0,"0,00","0,00","0,00",0,0,0,0,0,0,0,0,0,0,0,0,0,0,0,0,0,0
"544","Morato","ATA","São Paulo","2,00",0,"0,00","0,00","0,00",0,0,0,0,0,0,0,0,0,0,0,0,0,0,0,0,0,0
"545","Ronaldo","MEI","Flamengo","3,00",0,"0,00","0,00","0,00",0,0,0,0,0,0,0,0,0,0,0,0,0,0,0,0,0,0
"546","Victor Luis","LAT","Palmeiras","9,00",0,"0,00","0,00","0,00",0,0,0,0,0,0,0,0,0,0,0,0,0,0,0,0,0,0
"547","Patrick","ZAG","Ceará","2,00",0,"0,00","0,00","0,00",0,0,0,0,0,0,0,0,0,0,0,0,0,0,0,0,0,0
"548","Pedrão","ZAG","Palmeiras","2,00",0,"0,00","0,00","0,00",0,0,0,0,0,0,0,0,0,0,0,0,0,0,0,0,0,0
"549","Esperon","MEI","Grêmio","1,00",0,"0,00","0,00","0,00",0,0,0,0,0,0,0,0,0,0,0,0,0,0,0,0,0,0
"550","Paulinho","ATA","São Paulo","1,00",0,"0,00","0,00","0,00",0,0,0,0,0,0,0,0,0,0,0,0,0,0,0,0,0,0
"551","Lucas Soares","LAT","Cruzeiro","1,00",0,"0,00","0,00","0,00",0,0,0,0,0,0,0,0,0,0,0,0,0,0,0,0,0,0
"552","Matheus Matias","ATA","Corinthians","4,00",0,"0,00","0,00","0,00",0,0,0,0,0,0,0,0,0,0,0,0,0,0,0,0,0,0
"553","Vander","MEI","Cruzeiro","1,00",0,"0,00","0,00","0,00",0,0,0,0,0,0,0,0,0,0,0,0,0,0,0,0,0,0
"554","Weverton Almeida","ZAG","Atlético-PR","1,00",0,"0,00","0,00","0,00",0,0,0,0,0,0,0,0,0,0,0,0,0,0,0,0,0,0
"555","Fernandinho","ATA","Internacional","1,00",0,"0,00","0,00","0,00",0,0,0,0,0,0,0,0,0,0,0,0,0,0,0,0,0,0
"556","Marcinho","ATA","Internacional","4,00",0,"0,00","0,00","0,00",0,0,0,0,0,0,0,0,0,0,0,0,0,0,0,0,0,0
"557","Fernando","ATA","Palmeiras","2,00",0,"0,00","0,00","0,00",0,0,0,0,0,0,0,0,0,0,0,0,0,0,0,0,0,0
"558","Alex","MEI","Atlético-PR","1,00",0,"0,00","0,00","0,00",0,0,0,0,0,0,0,0,0,0,0,0,0,0,0,0,0,0
"559","Guilherme Guedes","LAT","Grêmio","1,00",0,"0,00","0,00","0,00",0,0,0,0,0,0,0,0,0,0,0,0,0,0,0,0,0,0
"560","Filipe","GOL","Corinthians","1,00",0,"0,00","0,00","0,00",0,0,0,0,0,0,0,0,0,0,0,0,0,0,0,0,0,0
"561","Matheus Henrique","MEI","Grêmio","1,00",0,"0,00","0,00","0,00",0,0,0,0,0,0,0,0,0,0,0,0,0,0,0,0,0,0
"562","Cascardo","LAT","Atlético-PR","4,00",0,"0,00","0,00","0,00",0,0,0,0,0,0,0,0,0,0,0,0,0,0,0,0,0,0
"563","Yuri","MEI","Santos","4,00",0,"0,00","0,00","0,00",0,0,0,0,0,0,0,0,0,0,0,0,0,0,0,0,0,0
"564","Matheus Guedes","ZAG","Santos","2,00",0,"0,00","0,00","0,00",0,0,0,0,0,0,0,0,0,0,0,0,0,0,0,0,0,0
"565","Gabriel","MEI","São Paulo","1,00",0,"0,00","0,00","0,00",0,0,0,0,0,0,0,0,0,0,0,0,0,0,0,0,0,0
"566","Bissoli","ATA","São Paulo","2,00",0,"0,00","0,00","0,00",0,0,0,0,0,0,0,0,0,0,0,0,0,0,0,0,0,0
"567","Brenno","GOL","Grêmio","1,00",0,"0,00","0,00","0,00",0,0,0,0,0,0,0,0,0,0,0,0,0,0,0,0,0,0
"568","Emerson Barbosa","LAT","Santos","1,00",0,"0,00","0,00","0,00",0,0,0,0,0,0,0,0,0,0,0,0,0,0,0,0,0,0
"569","Fabrício Bruno","ZAG","Chapecoense","6,00",0,"0,00","0,00","0,00",0,0,0,0,0,0,0,0,0,0,0,0,0,0,0,0,0,0
"570","Ericson","ZAG","Grêmio","2,00",0,"0,00","0,00","0,00",0,0,0,0,0,0,0,0,0,0,0,0,0,0,0,0,0,0
"571","Ruan","ZAG","Grêmio","1,00",0,"0,00","0,00","0,00",0,0,0,0,0,0,0,0,0,0,0,0,0,0,0,0,0,0
"572","Jean","GOL","São Paulo","8,00",0,"0,00","0,00","0,00",0,0,0,0,0,0,0,0,0,0,0,0,0,0,0,0,0,0
"573","Emanuel","ZAG","Grêmio","2,00",0,"0,00","0,00","0,00",0,0,0,0,0,0,0,0,0,0,0,0,0,0,0,0,0,0
"574","Felipe","LAT","Grêmio","2,00",0,"0,00","0,00","0,00",0,0,0,0,0,0,0,0,0,0,0,0,0,0,0,0,0,0
"575","Alanzinho","MEI","Palmeiras","3,00",0,"0,00","0,00","0,00",0,0,0,0,0,0,0,0,0,0,0,0,0,0,0,0,0,0
"576","Lucas Araújo","MEI","Grêmio","1,00",0,"0,00","0,00","0,00",0,0,0,0,0,0,0,0,0,0,0,0,0,0,0,0,0,0
"577","Esteves","LAT","Palmeiras","1,00",0,"0,00","0,00","0,00",0,0,0,0,0,0,0,0,0,0,0,0,0,0,0,0,0,0
"578","Aníbal","ATA","Palmeiras","1,00",0,"0,00","0,00","0,00",0,0,0,0,0,0,0,0,0,0,0,0,0,0,0,0,0,0
"579","Evandro","LAT","Sport","3,00",0,"0,00","0,00","0,00",0,0,0,0,0,0,0,0,0,0,0,0,0,0,0,0,0,0
"580","Guilherme Vieira","ATA","Palmeiras","1,00",0,"0,00","0,00","0,00",0,0,0,0,0,0,0,0,0,0,0,0,0,0,0,0,0,0
"581","Luan Cândido","LAT","Palmeiras","1,00",0,"0,00","0,00","0,00",0,0,0,0,0,0,0,0,0,0,0,0,0,0,0,0,0,0
"582","Ronaldo","GOL","Vitória","3,00",0,"0,00","0,00","0,00",0,0,0,0,0,0,0,0,0,0,0,0,0,0,0,0,0,0
"583","Marco Saravia","ZAG","Grêmio","1,00",0,"0,00","0,00","0,00",0,0,0,0,0,0,0,0,0,0,0,0,0,0,0,0,0,0
"584","Mendonça","ZAG","Grêmio","1,00",0,"0,00","0,00","0,00",0,0,0,0,0,0,0,0,0,0,0,0,0,0,0,0,0,0
"585","Kazim","ATA","Corinthians","4,00",0,"0,00","0,00","0,00",0,0,0,0,0,0,0,0,0,0,0,0,0,0,0,0,0,0
"586","Santiago","ZAG","Grêmio","1,00",0,"0,00","0,00","0,00",0,0,0,0,0,0,0,0,0,0,0,0,0,0,0,0,0,0
"587","Isaque","MEI","Grêmio","2,00",0,"0,00","0,00","0,00",0,0,0,0,0,0,0,0,0,0,0,0,0,0,0,0,0,0
"588","Rodrigo Ancheta","MEI","Grêmio","1,00",0,"0,00","0,00","0,00",0,0,0,0,0,0,0,0,0,0,0,0,0,0,0,0,0,0
"589","Rafinha","MEI","Ceará","3,00",0,"0,00","0,00","0,00",0,0,0,0,0,0,0,0,0,0,0,0,0,0,0,0,0,0
"590","Adryelson","ZAG","Sport","3,00",0,"0,00","0,00","0,00",0,0,0,0,0,0,0,0,0,0,0,0,0,0,0,0,0,0
"591","Paulo Henrique","MEI","São Paulo","1,00",0,"0,00","0,00","0,00",0,0,0,0,0,0,0,0,0,0,0,0,0,0,0,0,0,0
"592","Pepê","MEI","Flamengo","2,00",0,"0,00","0,00","0,00",0,0,0,0,0,0,0,0,0,0,0,0,0,0,0,0,0,0
"593","Wendel","ATA","Flamengo","1,00",0,"0,00","0,00","0,00",0,0,0,0,0,0,0,0,0,0,0,0,0,0,0,0,0,0
"594","Michael","LAT","Flamengo","1,00",0,"0,00","0,00","0,00",0,0,0,0,0,0,0,0,0,0,0,0,0,0,0,0,0,0
"595","Hugo Souza","GOL","Flamengo","1,00",0,"0,00","0,00","0,00",0,0,0,0,0,0,0,0,0,0,0,0,0,0,0,0,0,0
"596","Thiago","GOL","Flamengo","4,00",0,"0,00","0,00","0,00",0,0,0,0,0,0,0,0,0,0,0,0,0,0,0,0,0,0
"597","Diego Ferreira","LAT","Atlético-PR","3,00",0,"0,00","0,00","0,00",0,0,0,0,0,0,0,0,0,0,0,0,0,0,0,0,0,0
"598","Robson Bambu","ZAG","Santos","1,00",0,"0,00","0,00","0,00",0,0,0,0,0,0,0,0,0,0,0,0,0,0,0,0,0,0
"599","Éder ","ZAG","Atlético-PR","3,00",0,"0,00","0,00","0,00",0,0,0,0,0,0,0,0,0,0,0,0,0,0,0,0,0,0
"600","Murillo Lopes","GOL","Paraná","2,00",0,"0,00","0,00","0,00",0,0,0,0,0,0,0,0,0,0,0,0,0,0,0,0,0,0
"601","Diogo Vitor","ATA","Santos","2,00",0,"0,00","0,00","0,00",0,0,0,0,0,0,0,0,0,0,0,0,0,0,0,0,0,0
"602","Lucas Perri","GOL","São Paulo","1,00",0,"0,00","0,00","0,00",0,0,0,0,0,0,0,0,0,0,0,0,0,0,0,0,0,0
"603","Lucas Lourenço","MEI","Santos","1,00",0,"0,00","0,00","0,00",0,0,0,0,0,0,0,0,0,0,0,0,0,0,0,0,0,0
"604","Helerson","ZAG","Botafogo","1,00",0,"0,00","0,00","0,00",0,0,0,0,0,0,0,0,0,0,0,0,0,0,0,0,0,0
"605","Bruno Bispo","ZAG","Vitória","5,00",0,"0,00","0,00","0,00",0,0,0,0,0,0,0,0,0,0,0,0,0,0,0,0,0,0
"606","Caíque França","GOL","Corinthians","2,00",0,"0,00","0,00","0,00",0,0,0,0,0,0,0,0,0,0,0,0,0,0,0,0,0,0
"607","Lucas Marques","MEI","Vitória","4,00",0,"0,00","0,00","0,00",0,0,0,0,0,0,0,0,0,0,0,0,0,0,0,0,0,0
"608","Igor Campos","GOL","Chapecoense","1,00",0,"0,00","0,00","0,00",0,0,0,0,0,0,0,0,0,0,0,0,0,0,0,0,0,0
"609","Vitor Naum","ATA","Atlético-PR","1,00",0,"0,00","0,00","0,00",0,0,0,0,0,0,0,0,0,0,0,0,0,0,0,0,0,0
"610","Giovanny ","ATA","Atlético-PR","4,00",0,"0,00","0,00","0,00",0,0,0,0,0,0,0,0,0,0,0,0,0,0,0,0,0,0
"611","Gabriel Félix","GOL","Vasco","3,00",0,"0,00","0,00","0,00",0,0,0,0,0,0,0,0,0,0,0,0,0,0,0,0,0,0
"612","Luís Fernando","MEI","Bahia","1,00",0,"0,00","0,00","0,00",0,0,0,0,0,0,0,0,0,0,0,0,0,0,0,0,0,0
"613","Vico","ATA","Grêmio","1,00",0,"0,00","0,00","0,00",0,0,0,0,0,0,0,0,0,0,0,0,0,0,0,0,0,0
"614","Richard","MEI","Internacional","1,00",0,"0,00","0,00","0,00",0,0,0,0,0,0,0,0,0,0,0,0,0,0,0,0,0,0
"615","Luis Henrique","ATA","Grêmio","2,00",0,"0,00","0,00","0,00",0,0,0,0,0,0,0,0,0,0,0,0,0,0,0,0,0,0
"616","Alexsander","MEI","Atlético-PR","1,00",0,"0,00","0,00","0,00",0,0,0,0,0,0,0,0,0,0,0,0,0,0,0,0,0,0
"617","Juninho","ZAG","Atlético-MG","6,00",0,"0,00","0,00","0,00",0,0,0,0,0,0,0,0,0,0,0,0,0,0,0,0,0,0
"618","João Vitor","LAT","Fluminense","1,00",0,"0,00","0,00","0,00",0,0,0,0,0,0,0,0,0,0,0,0,0,0,0,0,0,0
"619","Yan","MEI","Palmeiras","1,00",0,"0,00","0,00","0,00",0,0,0,0,0,0,0,0,0,0,0,0,0,0,0,0,0,0
"620","De Amores","GOL","Fluminense","3,00",0,"0,00","0,00","0,00",0,0,0,0,0,0,0,0,0,0,0,0,0,0,0,0,0,0
"621","Dudu","ATA","Fluminense","2,00",0,"0,00","0,00","0,00",0,0,0,0,0,0,0,0,0,0,0,0,0,0,0,0,0,0
"622","Keiller","GOL","Internacional","3,00",0,"0,00","0,00","0,00",0,0,0,0,0,0,0,0,0,0,0,0,0,0,0,0,0,0
"623","Lucas França","GOL","Cruzeiro","3,00",0,"0,00","0,00","0,00",0,0,0,0,0,0,0,0,0,0,0,0,0,0,0,0,0,0
"624","Cleiton","GOL","Atlético-MG","2,00",0,"0,00","0,00","0,00",0,0,0,0,0,0,0,0,0,0,0,0,0,0,0,0,0,0
"625","Kaio","MEI","Grêmio","3,00",0,"0,00","0,00","0,00",0,0,0,0,0,0,0,0,0,0,0,0,0,0,0,0,0,0
"626","Raul","MEI","Ceará","2,00",0,"0,00","0,00","0,00",0,0,0,0,0,0,0,0,0,0,0,0,0,0,0,0,0,0
"627","Marcelo Benevenuto","ZAG","Botafogo","8,00",0,"0,00","0,00","0,00",0,0,0,0,0,0,0,0,0,0,0,0,0,0,0,0,0,0
"628","Matheusinho","MEI","América-MG","4,00",0,"0,00","0,00","0,00",0,0,0,0,0,0,0,0,0,0,0,0,0,0,0,0,0,0
"629","Rodrigo Carioca","ATA","Paraná","1,00",0,"0,00","0,00","0,00",0,0,0,0,0,0,0,0,0,0,0,0,0,0,0,0,0,0
"630","Léo Tilica","ATA","Grêmio","2,00",0,"0,00","0,00","0,00",0,0,0,0,0,0,0,0,0,0,0,0,0,0,0,0,0,0
"631","Léo Gomes","MEI","Vitória","1,00",0,"0,00","0,00","0,00",0,0,0,0,0,0,0,0,0,0,0,0,0,0,0,0,0,0
"632","Maurício","MEI","Ceará","1,00",0,"0,00","0,00","0,00",0,0,0,0,0,0,0,0,0,0,0,0,0,0,0,0,0,0
"633","John Victor","GOL","Santos","1,00",0,"0,00","0,00","0,00",0,0,0,0,0,0,0,0,0,0,0,0,0,0,0,0,0,0
"634","Guilherme Ribeiro","MEI","Atlético-PR","1,00",0,"0,00","0,00","0,00",0,0,0,0,0,0,0,0,0,0,0,0,0,0,0,0,0,0
"635","Demethryus","MEI","Atlético-PR","1,00",0,"0,00","0,00","0,00",0,0,0,0,0,0,0,0,0,0,0,0,0,0,0,0,0,0
"636","Patrick Brey","LAT","Cruzeiro","2,00",0,"0,00","0,00","0,00",0,0,0,0,0,0,0,0,0,0,0,0,0,0,0,0,0,0
"637","Felipe Jonatan","LAT","Ceará","1,00",0,"0,00","0,00","0,00",0,0,0,0,0,0,0,0,0,0,0,0,0,0,0,0,0,0
"638","Michael","GOL","Atlético-MG","1,00",0,"0,00","0,00","0,00",0,0,0,0,0,0,0,0,0,0,0,0,0,0,0,0,0,0
"639","Alan Cardoso","LAT","Vasco","3,00",0,"0,00","0,00","0,00",0,0,0,0,0,0,0,0,0,0,0,0,0,0,0,0,0,0
"640","Andrey","MEI","Vasco","4,00",0,"0,00","0,00","0,00",0,0,0,0,0,0,0,0,0,0,0,0,0,0,0,0,0,0
"641","Bruno Roberto","MEI","Atlético-MG","1,00",0,"0,00","0,00","0,00",0,0,0,0,0,0,0,0,0,0,0,0,0,0,0,0,0,0
"642","Yago","ATA","Atlético-PR","2,00",0,"0,00","0,00","0,00",0,0,0,0,0,0,0,0,0,0,0,0,0,0,0,0,0,0
"643","Lucas Ferreira","GOL","Sport","2,00",0,"0,00","0,00","0,00",0,0,0,0,0,0,0,0,0,0,0,0,0,0,0,0,0,0
"644","Rafael França","ZAG","Vasco","1,00",0,"0,00","0,00","0,00",0,0,0,0,0,0,0,0,0,0,0,0,0,0,0,0,0,0
"645","Felipe Vizeu","ATA","Flamengo","4,48",1,"0,00","0,00","-1,52",0,0,0,0,0,0,0,0,0,0,0,0,0,0,0,0,0,0
"646","Geovane Itinga","ATA","Bahia","2,00",0,"0,00","0,00","0,00",0,0,0,0,0,0,0,0,0,0,0,0,0,0,0,0,0,0
"647","Lucas Santos","MEI","Vasco","1,00",0,"0,00","0,00","0,00",0,0,0,0,0,0,0,0,0,0,0,0,0,0,0,0,0,0
"648","Matheus Dantas","ZAG","Flamengo","1,00",0,"0,00","0,00","0,00",0,0,0,0,0,0,0,0,0,0,0,0,0,0,0,0,0,0
"649","João Pedro","GOL","Vasco","1,00",0,"0,00","0,00","0,00",0,0,0,0,0,0,0,0,0,0,0,0,0,0,0,0,0,0
"650","Felipinho","MEI","Bahia","2,00",0,"0,00","0,00","0,00",0,0,0,0,0,0,0,0,0,0,0,0,0,0,0,0,0,0
"651","Daniel Fuzato","GOL","Palmeiras","2,00",0,"0,00","0,00","0,00",0,0,0,0,0,0,0,0,0,0,0,0,0,0,0,0,0,0
"652","Vitor Eudes","GOL","Cruzeiro","1,00",0,"0,00","0,00","0,00",0,0,0,0,0,0,0,0,0,0,0,0,0,0,0,0,0,0
"653","Matheus Santos","ATA","América-MG","1,00",0,"0,00","0,00","0,00",0,0,0,0,0,0,0,0,0,0,0,0,0,0,0,0,0,0
"654","Perotti","ATA","Chapecoense","2,00",0,"0,00","0,00","0,00",0,0,0,0,0,0,0,0,0,0,0,0,0,0,0,0,0,0
"655","Hugo Borges","ATA","Vasco","2,00",0,"0,00","0,00","0,00",0,0,0,0,0,0,0,0,0,0,0,0,0,0,0,0,0,0
"656","Marcelinho","ATA","Grêmio","4,00",0,"0,00","0,00","0,00",0,0,0,0,0,0,0,0,0,0,0,0,0,0,0,0,0,0
"657","Caprini","ATA","Atlético-PR","2,00",0,"0,00","0,00","0,00",0,0,0,0,0,0,0,0,0,0,0,0,0,0,0,0,0,0
"658","Nicolas","LAT","Atlético-PR","4,00",0,"0,00","0,00","0,00",0,0,0,0,0,0,0,0,0,0,0,0,0,0,0,0,0,0
"659","Lucas Halter","ZAG","Atlético-PR","1,00",0,"0,00","0,00","0,00",0,0,0,0,0,0,0,0,0,0,0,0,0,0,0,0,0,0
"660","Michel","LAT","América-MG","2,00",0,"0,00","0,00","0,00",0,0,0,0,0,0,0,0,0,0,0,0,0,0,0,0,0,0
"661","João Pedro Ribeiro","LAT","Bahia","1,00",0,"0,00","0,00","0,00",0,0,0,0,0,0,0,0,0,0,0,0,0,0,0,0,0,0
"662","Flávio","ATA","Vitória","2,00",0,"0,00","0,00","0,00",0,0,0,0,0,0,0,0,0,0,0,0,0,0,0,0,0,0
"663","Matheus Lira","MEI","Ceará","1,00",0,"0,00","0,00","0,00",0,0,0,0,0,0,0,0,0,0,0,0,0,0,0,0,0,0
"664","Warley","MEI","Paraná","1,00",0,"0,00","0,00","0,00",0,0,0,0,0,0,0,0,0,0,0,0,0,0,0,0,0,0
"665","Artur","ATA","Palmeiras","3,00",0,"0,00","0,00","0,00",0,0,0,0,0,0,0,0,0,0,0,0,0,0,0,0,0,0
"666","Gabriel","GOL","Atlético-PR","1,00",0,"0,00","0,00","0,00",0,0,0,0,0,0,0,0,0,0,0,0,0,0,0,0,0,0
"667","Léo Santos","ZAG","Corinthians","2,00",0,"0,00","0,00","0,00",0,0,0,0,0,0,0,0,0,0,0,0,0,0,0,0,0,0
"668","Caíque","ATA","São Paulo","1,00",0,"0,00","0,00","0,00",0,0,0,0,0,0,0,0,0,0,0,0,0,0,0,0,0,0
"669","Felipe","GOL","Bahia","1,00",0,"0,00","0,00","0,00",0,0,0,0,0,0,0,0,0,0,0,0,0,0,0,0,0,0
"670","Gabriel Furtado","MEI","Palmeiras","2,00",0,"0,00","0,00","0,00",0,0,0,0,0,0,0,0,0,0,0,0,0,0,0,0,0,0
"671","Luquinhas","MEI","Fluminense","1,00",0,"0,00","0,00","0,00",0,0,0,0,0,0,0,0,0,0,0,0,0,0,0,0,0,0
"672","Hiago","ZAG","Chapecoense","2,00",0,"0,00","0,00","0,00",0,0,0,0,0,0,0,0,0,0,0,0,0,0,0,0,0,0
"673","Hugo Moura","MEI","Flamengo","2,00",0,"0,00","0,00","0,00",0,0,0,0,0,0,0,0,0,0,0,0,0,0,0,0,0,0
"674","Marcos Calazans","ATA","Fluminense","3,00",0,"0,00","0,00","0,00",0,0,0,0,0,0,0,0,0,0,0,0,0,0,0,0,0,0
"675","Mikael","ATA","Sport","1,00",0,"0,00","0,00","0,00",0,0,0,0,0,0,0,0,0,0,0,0,0,0,0,0,0,0
"676","Bruno Leite","MEI","Atlético-PR","1,00",0,"0,00","0,00","0,00",0,0,0,0,0,0,0,0,0,0,0,0,0,0,0,0,0,0
"677","Fernando","GOL","Atlético-MG","1,00",0,"0,00","0,00","0,00",0,0,0,0,0,0,0,0,0,0,0,0,0,0,0,0,0,0
"678","Marco Túlio","ATA","Atlético-MG","1,00",0,"0,00","0,00","0,00",0,0,0,0,0,0,0,0,0,0,0,0,0,0,0,0,0,0
"679","Tomás Andrade","MEI","Atlético-MG","3,73",1,"0,00","0,00","-1,27",0,0,0,0,0,0,0,0,0,0,0,0,0,0,0,0,0,0
"680","Vitor Gabriel","ATA","Flamengo","1,00",0,"0,00","0,00","0,00",0,0,0,0,0,0,0,0,0,0,0,0,0,0,0,0,0,0
"681","Mateus Norton","MEI","Fluminense","3,00",0,"0,00","0,00","0,00",0,0,0,0,0,0,0,0,0,0,0,0,0,0,0,0,0,0
"682","Ramon","LAT","Flamengo","1,00",0,"0,00","0,00","0,00",0,0,0,0,0,0,0,0,0,0,0,0,0,0,0,0,0,0
"683","Ronaldo","LAT","América-MG","1,00",0,"0,00","0,00","0,00",0,0,0,0,0,0,0,0,0,0,0,0,0,0,0,0,0,0
"684","Patrick","ZAG","Flamengo","1,00",0,"0,00","0,00","0,00",0,0,0,0,0,0,0,0,0,0,0,0,0,0,0,0,0,0
"685","Carneiro","ATA","São Paulo","4,00",0,"0,00","0,00","0,00",0,0,0,0,0,0,0,0,0,0,0,0,0,0,0,0,0,0
"686","Cacá","ZAG","Cruzeiro","1,00",0,"0,00","0,00","0,00",0,0,0,0,0,0,0,0,0,0,0,0,0,0,0,0,0,0
"687","Ruan","LAT","Internacional","3,00",0,"0,00","0,00","0,00",0,0,0,0,0,0,0,0,0,0,0,0,0,0,0,0,0,0
"688","Índio","ATA","Sport","2,00",0,"0,00","0,00","0,00",0,0,0,0,0,0,0,0,0,0,0,0,0,0,0,0,0,0
"689","Báez","LAT","Paraná","1,77",2,"0,00","0,00","0,00",0,0,0,0,1,0,0,0,0,0,0,0,0,0,0,1,0,0
"690","Charles","MEI","Internacional","5,00",0,"0,00","0,00","0,00",0,0,0,0,0,0,0,0,0,0,0,0,0,0,0,0,0,0
"691","Macula","ATA","Fluminense","1,00",0,"0,00","0,00","0,00",0,0,0,0,0,0,0,0,0,0,0,0,0,0,0,0,0,0
"692","Cassiano","GOL","Bahia","1,00",0,"0,00","0,00","0,00",0,0,0,0,0,0,0,0,0,0,0,0,0,0,0,0,0,0
"693","Victor Luiz","LAT","Cruzeiro","1,00",0,"0,00","0,00","0,00",0,0,0,0,0,0,0,0,0,0,0,0,0,0,0,0,0,0
"694","Daniel","GOL","Internacional","1,00",0,"0,00","0,00","0,00",0,0,0,0,0,0,0,0,0,0,0,0,0,0,0,0,0,0
"695","Léo Xavier","ZAG","Vitória","1,00",0,"0,00","0,00","0,00",0,0,0,0,0,0,0,0,0,0,0,0,0,0,0,0,0,0
"696","Luis David","ATA","Ceará","1,00",0,"0,00","0,00","0,00",0,0,0,0,0,0,0,0,0,0,0,0,0,0,0,0,0,0
"697","Gabriel Pires","MEI","Paraná","4,00",0,"0,00","0,00","0,00",0,0,0,0,0,0,0,0,0,0,0,0,0,0,0,0,0,0
"698","Bruno Xavier","ATA","Corinthians","2,00",0,"0,00","0,00","0,00",0,0,0,0,0,0,0,0,0,0,0,0,0,0,0,0,0,0
"699","Carlos Augusto","LAT","Corinthians","1,00",0,"0,00","0,00","0,00",0,0,0,0,0,0,0,0,0,0,0,0,0,0,0,0,0,0
"700","Marcinho","ATA","Atlético-PR","4,00",0,"0,00","0,00","0,00",0,0,0,0,0,0,0,0,0,0,0,0,0,0,0,0,0,0
"701","Luidy","ATA","Ceará","4,00",0,"0,00","0,00","0,00",0,0,0,0,0,0,0,0,0,0,0,0,0,0,0,0,0,0
"702","Lucas Paes","GOL","São Paulo","1,00",0,"0,00","0,00","0,00",0,0,0,0,0,0,0,0,0,0,0,0,0,0,0,0,0,0
"703","Jonathan","LAT","Botafogo","2,00",0,"0,00","0,00","0,00",0,0,0,0,0,0,0,0,0,0,0,0,0,0,0,0,0,0
"704","Pablo Pardal","MEI","Sport","2,00",0,"0,00","0,00","0,00",0,0,0,0,0,0,0,0,0,0,0,0,0,0,0,0,0,0
"705","Caio","MEI","Fluminense","2,00",0,"0,00","0,00","0,00",0,0,0,0,0,0,0,0,0,0,0,0,0,0,0,0,0,0
"706","Tiago Cunha","ATA","Ceará","1,00",0,"0,00","0,00","0,00",0,0,0,0,0,0,0,0,0,0,0,0,0,0,0,0,0,0
"707","Thiaguinho","MEI","Corinthians","3,00",0,"0,00","0,00","0,00",0,0,0,0,0,0,0,0,0,0,0,0,0,0,0,0,0,0
"708","Toró","ATA","São Paulo","3,00",0,"0,00","0,00","0,00",0,0,0,0,0,0,0,0,0,0,0,0,0,0,0,0,0,0
"709","Jhemerson","MEI","Vitória","3,00",0,"0,00","0,00","0,00",0,0,0,0,0,0,0,0,0,0,0,0,0,0,0,0,0,0
"710","Léo Principe","LAT","Corinthians","4,00",0,"0,00","0,00","0,00",0,0,0,0,0,0,0,0,0,0,0,0,0,0,0,0,0,0
"711","Fernando Castro","GOL","Bahia","1,00",0,"0,00","0,00","0,00",0,0,0,0,0,0,0,0,0,0,0,0,0,0,0,0,0,0
"712","Gabriel Calabres","MEI","Santos","3,00",0,"0,00","0,00","0,00",0,0,0,0,0,0,0,0,0,0,0,0,0,0,0,0,0,0
"713","Yago Darub","GOL","Flamengo","1,00",0,"0,00","0,00","0,00",0,0,0,0,0,0,0,0,0,0,0,0,0,0,0,0,0,0
"714","Guilherme Nunes","MEI","Santos","1,00",0,"0,00","0,00","0,00",0,0,0,0,0,0,0,0,0,0,0,0,0,0,0,0,0,0
"715","Rafael","ZAG","Flamengo","1,00",0,"0,00","0,00","0,00",0,0,0,0,0,0,0,0,0,0,0,0,0,0,0,0,0,0
"716","Jhony","MEI","Paraná","3,00",0,"0,00","0,00","0,00",0,0,0,0,0,0,0,0,0,0,0,0,0,0,0,0,0,0
"717","Erick","GOL","América-MG","1,00",0,"0,00","0,00","0,00",0,0,0,0,0,0,0,0,0,0,0,0,0,0,0,0,0,0
"718","Deijair ","GOL","Bahia","1,00",0,"0,00","0,00","0,00",0,0,0,0,0,0,0,0,0,0,0,0,0,0,0,0,0,0
"719","Dudu","LAT","Internacional","4,00",0,"0,00","0,00","0,00",0,0,0,0,0,0,0,0,0,0,0,0,0,0,0,0,0,0
"720","Nonoca","MEI","Sport","3,00",0,"0,00","0,00","0,00",0,0,0,0,0,0,0,0,0,0,0,0,0,0,0,0,0,0
"721","Marcos Vinícius ","LAT","Chapecoense","2,00",0,"0,00","0,00","0,00",0,0,0,0,0,0,0,0,0,0,0,0,0,0,0,0,0,0
"722","Matheus Anjos","MEI","Atlético-PR","2,00",0,"0,00","0,00","0,00",0,0,0,0,0,0,0,0,0,0,0,0,0,0,0,0,0,0
"723","Kendy","ATA","Chapecoense","1,00",0,"0,00","0,00","0,00",0,0,0,0,0,0,0,0,0,0,0,0,0,0,0,0,0,0
"724","Kanu","ZAG","Botafogo","2,00",0,"0,00","0,00","0,00",0,0,0,0,0,0,0,0,0,0,0,0,0,0,0,0,0,0
"725","Ronald","ATA","Internacional","1,00",0,"0,00","0,00","0,00",0,0,0,0,0,0,0,0,0,0,0,0,0,0,0,0,0,0
"726","Caio","LAT","Sport","1,00",0,"0,00","0,00","0,00",0,0,0,0,0,0,0,0,0,0,0,0,0,0,0,0,0,0
"727","Jean Pyerre","MEI","Grêmio","3,00",0,"0,00","0,00","0,00",0,0,0,0,0,0,0,0,0,0,0,0,0,0,0,0,0,0
"728","Riuler","LAT","Atlético-PR","1,00",0,"0,00","0,00","0,00",0,0,0,0,0,0,0,0,0,0,0,0,0,0,0,0,0,0
"729","Tiepo","GOL","Chapecoense","2,00",0,"0,00","0,00","0,00",0,0,0,0,0,0,0,0,0,0,0,0,0,0,0,0,0,0
"730","Marquinhos","MEI","Atlético-MG","1,00",0,"0,00","0,00","0,00",0,0,0,0,0,0,0,0,0,0,0,0,0,0,0,0,0,0
"731","Estevão","MEI","Grêmio","1,00",0,"0,00","0,00","0,00",0,0,0,0,0,0,0,0,0,0,0,0,0,0,0,0,0,0
"732","Marcelo","ATA","Atlético-PR","2,00",0,"0,00","0,00","0,00",0,0,0,0,0,0,0,0,0,0,0,0,0,0,0,0,0,0
"733","Lucas Silva","ATA","Flamengo","2,00",0,"0,00","0,00","0,00",0,0,0,0,0,0,0,0,0,0,0,0,0,0,0,0,0,0
"734","Cedric","LAT","Vitória","3,00",0,"0,00","0,00","0,00",0,0,0,0,0,0,0,0,0,0,0,0,0,0,0,0,0,0
"735","Vitão","ZAG","Palmeiras","2,00",0,"0,00","0,00","0,00",0,0,0,0,0,0,0,0,0,0,0,0,0,0,0,0,0,0
"736","Gabriel Batista","GOL","Flamengo","3,00",0,"0,00","0,00","0,00",0,0,0,0,0,0,0,0,0,0,0,0,0,0,0,0,0,0
"737","Marcelo","ATA","Cruzeiro","1,00",0,"0,00","0,00","0,00",0,0,0,0,0,0,0,0,0,0,0,0,0,0,0,0,0,0
"738","Bruno","LAT","Chapecoense","1,00",0,"0,00","0,00","0,00",0,0,0,0,0,0,0,0,0,0,0,0,0,0,0,0,0,0
"739","Marquinhos Gabriel","MEI","Corinthians","2,90",5,"-0,02","0,00","-0,11",0,0,0,0,4,2,0,0,0,0,0,0,0,0,0,2,0,9
"740","Gerson Magrão","MEI","América-MG","2,52",3,"-0,03","0,00","0,00",1,0,0,0,0,0,0,0,0,0,0,0,0,0,0,2,0,2
"741","Joel Carli","ZAG","Botafogo","3,40",6,"-0,03","0,00","0,00",9,0,0,0,3,1,0,0,0,0,0,0,3,0,0,13,1,10
"742","Alex Baumjohann","MEI","Vitória","1,65",3,"-0,10","0,00","0,00",0,0,0,0,1,1,1,0,0,0,0,0,0,0,0,5,0,1
"743","Aguirre","ATA","Botafogo","0,98",3,"-0,17","2,30","0,25",1,0,0,0,1,0,2,0,0,0,0,0,1,0,0,4,0,3
"744","Leandro Donizete","MEI","América-MG","1,49",5,"-0,24","-1,40","-0,15",6,0,0,0,6,0,2,0,0,0,0,1,1,0,0,10,0,12
"745","Elias","MEI","Atlético-MG","4,27",6,"-0,25","0,00","0,00",4,0,0,0,5,0,1,0,0,0,0,0,3,0,0,5,0,9
"746","Hygor","ATA","Sport","0,70",2,"-0,25","0,00","0,00",0,0,0,0,1,0,0,0,0,0,0,0,0,0,0,1,1,0
"747","Airton","MEI","Fluminense","2,92",1,"-0,30","-0,30","-1,08",0,0,0,0,0,0,0,0,0,0,0,0,0,0,0,0,0,1
"748","David","ATA","Cruzeiro","4,02",2,"-0,30","0,00","0,00",0,0,0,0,1,0,1,0,0,0,0,0,0,0,0,0,1,6
"749","Moresche","MEI","Vasco","1,36",1,"-0,30","-0,30","-0,64",0,0,0,0,0,0,0,0,0,0,0,0,0,0,0,0,0,1
"750","Sassá","ATA","Cruzeiro","2,05",6,"-0,37","3,80","1,03",2,0,0,0,11,4,0,0,0,0,0,0,2,0,0,14,4,3
"751","Deivid","MEI","Sport","1,83",2,"-0,40","0,00","0,00",0,0,0,0,0,0,0,0,0,0,0,0,0,0,0,1,0,1
"752","Martín Silva","GOL","Vasco","6,91",5,"-0,40","0,00","0,00",0,0,0,0,0,0,0,0,4,0,0,0,0,0,7,0,0,0
"753","Erik","ATA","Atlético-MG","1,92",4,"-0,40","0,00","-0,32",0,0,0,0,3,0,0,0,0,0,0,0,0,0,0,4,1,2
"754","Romário ","LAT","Ceará","2,01",4,"-0,47","0,00","0,06",3,0,0,0,2,0,0,0,0,0,0,0,0,0,0,5,2,13
"755","Deyverson","ATA","Palmeiras","1,97",4,"-0,47","0,00","-0,23",1,0,0,0,0,0,0,0,0,0,0,0,1,0,0,1,0,3
"756","Renan Oliveira","MEI","América-MG","3,50",1,"-0,50","0,00","0,00",0,0,0,0,0,0,0,0,0,0,0,0,0,0,0,1,0,0
"757","Camilo","MEI","Internacional","4,01",1,"-0,50","0,00","0,00",1,0,0,0,0,0,0,0,0,0,0,0,0,0,0,1,0,5
"758","Juninho Piauiense","ATA","Ceará","2,77",1,"-0,50","0,00","0,00",0,0,0,0,0,0,0,0,0,0,0,0,0,0,0,1,0,0
"759","Guilherme Biteco","MEI","Paraná","4,34",1,"-0,60","-0,60","-1,66",0,0,0,0,0,0,0,0,0,0,0,0,0,0,0,0,0,2
"760","João Pedro","MEI","Botafogo","1,66",2,"-0,60","-1,20","-0,54",1,0,0,0,1,0,0,0,0,0,0,0,0,0,0,2,2,4
"761","Jael","ATA","Grêmio","2,55",2,"-0,65","0,00","0,00",0,0,0,0,0,0,0,0,0,0,0,0,0,0,0,2,0,1
"762","Giovanni Augusto","MEI","Vasco","5,81",1,"-0,70","-0,70","-2,19",1,0,0,0,2,0,0,0,0,0,0,0,1,0,0,0,0,4
"763","Araruna","MEI","São Paulo","2,07",1,"-0,70","-0,70","-0,93",0,0,0,0,1,0,0,0,0,0,0,0,0,0,0,0,0,4
"764","Mancuello","MEI","Cruzeiro","1,71",5,"-0,76","0,00","0,00",3,0,0,0,1,0,2,0,0,0,0,1,0,0,0,7,0,9
"765","Rodrigo Andrade","MEI","Vitória","0,75",3,"-0,77","0,90","0,02",1,0,0,0,2,1,1,0,0,0,0,0,1,0,0,6,0,6
"766","Brenner","ATA","Internacional","0,73",3,"-0,77","0,00","0,00",0,0,0,0,2,0,1,0,0,0,0,0,2,0,0,1,0,0
"767","Naldo","MEI","Ceará","1,98",2,"-0,80","0,00","0,00",1,0,0,0,1,0,0,0,0,0,0,0,1,0,0,2,0,2
"768","Juninho Capixaba","LAT","Corinthians","4,94",1,"-0,80","0,00","0,00",2,0,0,0,0,0,0,0,0,0,0,0,1,0,0,3,0,1
"769","Luan","MEI","Vitória","1,23",1,"-0,80","0,00","0,00",0,0,0,0,0,0,0,0,0,0,0,0,0,0,0,1,0,1
"770","Papagaio","ATA","Palmeiras","1,31",1,"-0,80","-0,80","-0,69",0,0,0,0,0,0,0,0,0,0,0,0,0,0,0,1,0,1
"771","Capixaba","ATA","América-MG","1,86",2,"-0,80","0,00","0,00",0,0,0,0,0,0,0,0,0,0,0,0,0,0,0,2,0,2
"772","Riascos","ATA","Vasco","2,19",4,"-0,82","0,00","0,00",1,0,0,0,1,2,1,0,0,0,0,1,0,0,0,3,2,2
"773","Wesley","MEI","América-MG","1,74",3,"-0,83","0,00","0,00",0,0,0,0,2,0,0,0,0,0,0,0,1,0,0,3,0,0
"774","Bergson","ATA","Atlético-PR","4,11",1,"-1,00","0,00","0,00",0,0,0,0,0,0,0,0,0,0,0,0,0,0,0,2,0,0
"775","Thiago Santos","ATA","Paraná","1,38",1,"-1,00","0,00","0,00",1,0,0,0,2,0,0,0,0,0,0,0,1,0,0,2,1,0
"776","Brenner","ATA","São Paulo","2,76",1,"-1,00","0,00","0,00",0,0,0,0,0,1,0,0,0,0,0,0,0,0,0,1,2,1
"777","Ricardo","ZAG","Vasco","3,47",1,"-1,10","-1,10","-1,53",2,0,0,0,0,0,0,0,0,0,0,0,1,0,0,2,1,2
"778","João Carlos","ATA","Fluminense","0,73",2,"-1,15","0,00","0,00",0,0,0,0,0,0,0,0,0,0,0,0,0,0,0,4,0,1
"779","Bruno Silva","MEI","Vasco","0,96",3,"-1,17","-0,30","0,23",2,0,0,0,2,1,0,0,0,0,0,0,1,0,0,6,0,11
"780","Paulo Vitor","ATA","Vasco","2,68",1,"-1,30","-1,30","-1,32",0,0,0,0,1,0,0,0,0,0,0,0,0,0,0,3,0,1
"781","Léo Ortiz","ZAG","Sport","3,10",1,"-1,50","0,00","0,00",1,0,0,0,0,0,0,0,0,0,0,0,1,0,0,2,0,0
"782","Erazo","ZAG","Vasco","4,83",1,"-1,70","-1,70","-2,17",0,0,0,0,1,0,0,0,0,0,0,0,0,0,0,2,0,4
"783","Fillipe Soutto","MEI","Vitória","3,75",1,"-2,30","0,00","0,00",1,0,0,0,1,0,0,0,0,0,0,0,1,0,0,4,0,1
"784","Breno","ZAG","Vasco","3,22",2,"-2,45","0,00","0,00",2,0,0,0,2,0,0,0,0,0,0,1,1,0,0,2,0,3
"785","Ademir","ATA","América-MG","0,91",1,"-2,50","-2,50","-1,09",0,0,0,0,1,0,0,0,0,0,0,0,1,0,0,1,1,0
"786","Rhodolfo","ZAG","Flamengo","5,87",1,"-3,00","0,00","0,00",1,0,0,0,1,0,0,0,0,0,0,1,0,0,0,0,0,0
"787","Fernando Miguel","GOL","Vasco","6,01",1,"-3,00","-3,00","-2,99",0,0,0,0,0,0,0,0,1,0,0,0,0,0,3,0,0,0
"788","Yago","MEI","Atlético-MG","0,69",1,"-3,00","0,00","0,00",0,0,0,0,0,0,0,0,0,0,0,0,1,0,0,2,0,0
"789","David","GOL","Paraná","0,73",3,"-3,20","0,00","0,00",0,0,0,0,0,0,0,0,1,0,0,0,0,0,6,0,0,2
"790","Luis Carlos","GOL","Paraná","0,70",1,"-4,00","0,00","0,00",0,0,0,0,0,0,0,0,0,0,0,0,0,0,2,0,0,0
"791","Ítalo","ATA","Bahia","0,73",1,"-4,50","0,00","0,00",1,0,0,0,0,0,0,0,0,0,0,1,0,0,0,2,0,0
"792","Agenor","GOL","Sport","0,69",1,"-6,00","0,00","0,00",0,0,0,0,0,0,0,0,0,0,0,0,0,0,3,0,0,0
"793","César","GOL","Flamengo","3,35",1,"-6,60","0,00","0,00",0,0,0,0,0,0,0,0,0,0,0,0,0,0,3,0,0,2
