"","Nome","Clube","Preço","J","Média","Últ. Pont.","Variação","RB","G","A","SG","FS","FF","FD","FT","DD","DP","GC","CV","CA","PP","GS","FC","I","PE"
"1","Rafael (GOL)","Cruzeiro","7,71",1,"10,50","0,00","0,00",NA,NA,NA,1,NA,NA,NA,NA,2,NA,NA,NA,NA,NA,NA,1,NA,NA
"2","Andrey (MEI)","Vasco","9,76",8,"10,24","14,70","1,62",33,3,1,NA,10,11,4,NA,NA,NA,NA,NA,1,NA,NA,18,NA,14
"3","Gilberto (ATA)","Bahia","12,66",3,"9,83","8,90","0,38",2,3,NA,NA,7,NA,1,NA,NA,NA,NA,NA,NA,NA,NA,2,NA,4
"4","Marcelo Cirino (ATA)","Atlético-PR","7,22",1,"9,70","9,70","1,22",1,1,NA,NA,2,1,NA,NA,NA,NA,NA,NA,NA,NA,NA,2,NA,2
"5","Arrascaeta (MEI)","Cruzeiro","17,25",9,"9,15","4,20","0,45",17,3,3,NA,20,11,9,1,NA,NA,NA,NA,1,NA,NA,10,1,24
"6","Gustavo Blanco (MEI)","Atlético-MG","19,53",11,"8,86","0,00","0,00",51,NA,4,NA,4,5,10,3,NA,NA,NA,NA,4,NA,NA,20,1,25
"7","Yago Pikachu (LAT)","Vasco","19,21",14,"8,69","14,80","1,08",13,6,1,2,48,11,17,1,NA,NA,NA,NA,1,NA,NA,5,6,32
"8","Pedro Geromel (ZAG)","Grêmio","16,04",6,"8,48","0,00","0,00",25,NA,NA,3,3,3,NA,NA,NA,NA,NA,NA,1,NA,NA,4,NA,5
"9","Lucas Paquetá (MEI)","Flamengo","22,95",14,"8,22","12,60","1,64",38,5,1,NA,33,10,14,1,NA,NA,NA,NA,3,NA,NA,23,NA,46
"10","Víctor Cuesta (ZAG)","Internacional","19,06",14,"8,16","12,50","1,52",52,2,1,7,13,1,NA,NA,NA,NA,NA,NA,5,NA,NA,18,1,25
"11","Everton (ATA)","Grêmio","18,24",12,"8,12","0,00","0,00",19,4,3,NA,22,20,9,2,NA,NA,NA,NA,3,NA,NA,16,2,23
"12","Gatito Fernández (GOL)","Botafogo","14,65",2,"8,05","0,00","0,00",NA,NA,NA,NA,NA,NA,NA,NA,7,NA,NA,NA,NA,NA,2,NA,NA,3
"13","Ángel Romero (ATA)","Corinthians","14,22",10,"8,01","23,90","1,89",13,6,2,NA,41,9,2,NA,NA,NA,NA,NA,5,NA,NA,15,1,32
"14","Lucas Kal (ZAG)","São Paulo","5,17",1,"8,00","8,00","3,17",2,NA,NA,1,NA,NA,NA,NA,NA,NA,NA,NA,NA,NA,NA,NA,NA,NA
"15","Zé Rafael  (MEI)","Bahia","20,72",14,"7,88","0,00","0,00",37,2,1,NA,48,16,15,3,NA,NA,NA,NA,3,NA,NA,27,1,33
"16","Pedro (ATA)","Fluminense","15,39",14,"7,77","4,50","0,54",7,9,2,NA,31,15,9,NA,NA,NA,NA,NA,1,NA,NA,23,2,25
"17","Patrick (MEI)","Internacional","17,36",14,"7,73","5,00","-0,86",54,3,2,NA,19,7,6,NA,NA,NA,NA,NA,3,NA,NA,24,NA,37
"18","Kannemann (ZAG)","Grêmio","13,09",10,"7,73","0,00","0,00",34,NA,NA,7,18,2,1,NA,NA,NA,NA,1,3,NA,NA,13,NA,10
"19","Thuler (ZAG)","Flamengo","5,26",5,"7,72","0,00","0,00",9,1,NA,4,2,1,NA,NA,NA,NA,NA,NA,1,NA,NA,3,NA,4
"20","Evandro (LAT)","Sport","3,86",1,"7,70","0,00","0,00",2,NA,NA,1,1,NA,NA,NA,NA,NA,NA,NA,NA,NA,NA,1,NA,1
"21","Wesley Carvalho (TEC)","Palmeiras","12,08",1,"7,60","7,60","0,76",NA,NA,NA,NA,NA,NA,NA,NA,NA,NA,NA,NA,NA,NA,NA,NA,NA,NA
"22","Emerson Santos (ZAG)","Internacional","3,65",1,"7,20","7,20","0,65",1,NA,NA,1,NA,2,NA,NA,NA,NA,NA,NA,NA,NA,NA,NA,NA,3
"23","Chará (ATA)","Atlético-MG","12,04",4,"7,03","12,80","2,45",6,1,2,NA,10,NA,NA,NA,NA,NA,NA,NA,NA,NA,NA,1,2,8
"24","Juninho Quixadá (ATA)","Ceará","4,41",1,"7,00","7,00","1,41",1,NA,1,NA,NA,1,NA,1,NA,NA,NA,NA,1,NA,NA,1,1,1
"25","Leandro Carvalho (ATA)","Ceará","6,26",2,"6,95","8,40","0,40",2,1,NA,NA,5,1,1,NA,NA,NA,NA,NA,NA,NA,NA,1,1,2
"26","Bruno Henrique (MEI)","Palmeiras","13,54",14,"6,94","16,80","2,33",39,5,2,NA,25,8,1,1,NA,NA,NA,NA,3,NA,NA,38,NA,32
"27","Gilberto  (LAT)","Fluminense","8,71",11,"6,91","0,30","-2,59",24,3,2,4,16,5,2,NA,NA,NA,NA,1,3,NA,NA,16,1,30
"28","Durval (ZAG)","Sport","6,27",2,"6,75","0,00","0,00",2,NA,NA,2,1,NA,NA,NA,NA,NA,NA,NA,NA,NA,NA,NA,NA,NA
"29","Ricardo Oliveira (ATA)","Atlético-MG","11,91",15,"6,63","7,10","1,32",8,7,5,NA,17,14,13,NA,NA,NA,NA,NA,2,NA,NA,25,9,26
"30","Bruno Cortez (LAT)","Grêmio","16,19",12,"6,61","0,00","0,00",26,NA,NA,10,19,NA,1,NA,NA,NA,NA,NA,1,NA,NA,18,NA,31
"31","Rodrigo Caio (ZAG)","São Paulo","12,76",2,"6,55","0,00","0,00",3,NA,NA,2,1,NA,NA,NA,NA,NA,NA,NA,NA,NA,NA,2,NA,3
"32","Renê (LAT)","Flamengo","13,27",15,"6,55","4,50","0,45",40,NA,2,9,15,2,3,NA,NA,NA,NA,NA,2,NA,NA,16,1,56
"33","Nino Paraíba (LAT)","Bahia","14,23",9,"6,53","0,00","0,00",28,NA,1,3,14,3,3,NA,NA,NA,NA,NA,2,NA,NA,10,NA,24
"34","Willian (ATA)","Palmeiras","12,66",15,"6,52","9,20","0,92",14,7,2,NA,17,9,9,3,NA,NA,NA,NA,2,NA,NA,30,6,9
"35","Trauco (LAT)","Flamengo","5,71",3,"6,47","0,00","0,00",4,NA,2,1,1,NA,1,NA,NA,NA,NA,NA,NA,NA,NA,3,NA,6
"36","Éder Militão (LAT)","São Paulo","13,26",11,"6,35","0,00","0,00",29,1,1,5,14,8,2,NA,NA,NA,NA,NA,5,NA,NA,19,NA,26
"37","Réver (ZAG)","Flamengo","16,23",9,"6,34","9,50","0,49",7,2,NA,4,11,5,2,NA,NA,NA,NA,NA,NA,NA,NA,1,NA,3
"38","Dedé (ZAG)","Cruzeiro","12,15",13,"6,34","8,90","0,55",29,2,NA,5,15,5,5,NA,NA,NA,NA,NA,3,NA,NA,14,1,20
"39","Júnior (LAT)","Paraná","6,99",12,"6,29","-0,60","-1,11",34,NA,1,4,26,3,2,NA,NA,NA,NA,NA,2,NA,NA,16,NA,21
"40","Matheus Fernandes (MEI)","Botafogo","14,86",14,"6,29","6,10","0,36",58,NA,1,NA,20,8,3,1,NA,NA,NA,NA,4,NA,NA,17,1,33
"41","Bruno Peres (LAT)","São Paulo","10,06",1,"6,20","6,20","-0,94",1,NA,NA,1,NA,NA,NA,NA,NA,NA,NA,NA,NA,NA,NA,NA,NA,1
"42","Walter (GOL)","Corinthians","8,96",7,"6,17","0,00","0,00",NA,NA,NA,2,1,NA,NA,NA,15,NA,NA,NA,NA,NA,6,NA,NA,1
"43","Léo Moura (LAT)","Grêmio","11,66",9,"6,13","0,00","0,00",8,NA,2,7,8,NA,NA,NA,NA,NA,NA,NA,NA,NA,NA,5,NA,11
"44","Marcelo Lomba (GOL)","Internacional","7,47",2,"6,10","0,00","0,00",NA,NA,NA,1,1,NA,NA,NA,3,NA,NA,NA,NA,NA,1,NA,NA,1
"45","Mateus (LAT)","Vitória","3,57",1,"6,10","0,00","0,00",1,NA,NA,1,NA,1,NA,NA,NA,NA,NA,NA,NA,NA,NA,NA,NA,4
"46","Reinaldo (LAT)","São Paulo","12,46",11,"6,05","12,10","1,93",18,2,1,5,11,9,5,NA,NA,NA,NA,NA,2,NA,NA,20,1,36
"47","Mena (LAT)","Bahia","8,11",5,"6,04","-0,30","-2,90",7,1,NA,2,1,1,1,1,NA,NA,NA,NA,NA,NA,NA,1,NA,11
"48","Rodrigo Moledo (ZAG)","Internacional","12,16",10,"5,96","0,00","0,00",21,1,NA,5,10,4,1,NA,NA,NA,NA,NA,2,NA,NA,13,1,11
"49","Yago (ZAG)","Botafogo","5,82",3,"5,83","0,00","0,00",5,NA,NA,2,1,NA,NA,NA,NA,NA,NA,NA,NA,NA,NA,1,NA,NA
"50","Leonardo Silva (ZAG)","Atlético-MG","10,01",4,"5,78","0,00","0,00",3,2,NA,1,4,1,NA,1,NA,NA,NA,NA,2,NA,NA,3,NA,9
"51","Erick (ATA)","Vitória","5,49",3,"5,77","1,50","-1,18",5,1,NA,NA,8,1,NA,NA,NA,NA,NA,NA,NA,NA,NA,2,1,5
"52","Anderson Martins (ZAG)","São Paulo","9,06",9,"5,66","7,90","0,50",24,1,NA,4,3,4,2,NA,NA,NA,NA,1,3,NA,NA,11,NA,12
"53","Marcos Rocha (LAT)","Palmeiras","12,25",14,"5,63","0,00","0,00",51,1,1,4,14,NA,NA,1,NA,NA,NA,NA,4,NA,NA,29,NA,61
"54","Maurício Barbieri (TEC)","Flamengo","14,39",16,"5,63","7,05","0,67",NA,NA,NA,NA,NA,NA,NA,NA,NA,NA,NA,NA,NA,NA,NA,NA,NA,NA
"55","Maílson (GOL)","Sport","5,20",4,"5,60","0,00","0,00",NA,NA,1,2,NA,NA,NA,NA,4,NA,NA,NA,NA,NA,2,NA,NA,2
"56","Rodrygo (ATA)","Santos","12,35",13,"5,57","5,80","0,07",7,5,3,NA,26,7,6,1,NA,NA,NA,NA,1,NA,NA,16,1,38
"57","Moisés (LAT)","Botafogo","8,02",10,"5,49","2,70","-1,11",29,NA,NA,3,15,3,3,NA,NA,NA,NA,NA,1,NA,NA,17,NA,22
"58","Rodinei (LAT)","Flamengo","12,66",16,"5,43","0,40","-0,20",17,NA,2,9,24,4,4,NA,NA,NA,NA,NA,2,NA,NA,7,1,19
"59","Murilo (ZAG)","Cruzeiro","8,07",2,"5,40","0,00","0,00",4,NA,NA,1,NA,NA,1,NA,NA,NA,NA,NA,NA,NA,NA,1,NA,3
"60","Diego Alves (GOL)","Flamengo","11,65",14,"5,38","-1,50","-0,65",NA,NA,NA,8,4,NA,NA,NA,18,NA,NA,NA,1,NA,7,NA,NA,16
"61","Egídio (LAT)","Cruzeiro","10,00",11,"5,38","2,00","0,24",32,NA,NA,5,11,5,NA,NA,NA,NA,NA,NA,1,NA,NA,16,5,36
"62","Luan (ATA)","Atlético-MG","14,51",15,"5,38","3,00","-1,16",45,2,2,NA,11,9,4,NA,NA,NA,NA,NA,3,NA,NA,23,2,39
"63","Richard (MEI)","Fluminense","16,48",15,"5,35","7,10","0,90",50,1,1,NA,25,3,4,NA,NA,NA,NA,NA,3,NA,NA,20,NA,38
"64","Serginho (MEI)","América-MG","16,58",12,"5,34","0,00","0,00",11,4,3,NA,14,8,6,NA,NA,NA,NA,NA,1,NA,NA,17,1,30
"65","Paulo Miranda (ZAG)","Grêmio","6,75",4,"5,33","0,00","-1,62",8,NA,NA,2,5,2,NA,NA,NA,NA,NA,NA,NA,NA,NA,3,NA,11
"66","Edson (MEI)","Bahia","6,40",3,"5,30","0,00","0,00",10,NA,NA,NA,6,NA,NA,NA,NA,NA,NA,NA,NA,NA,NA,3,NA,2
"67","Nico López (ATA)","Internacional","16,38",13,"5,30","14,70","1,96",10,4,2,NA,8,6,12,3,NA,NA,NA,NA,2,NA,NA,11,3,31
"68","Cássio (GOL)","Corinthians","10,21",9,"5,28","1,00","-1,98",NA,NA,NA,4,NA,NA,NA,NA,15,NA,NA,NA,1,NA,7,NA,NA,5
"69","Nenê (MEI)","São Paulo","9,77",15,"5,27","-0,50","-0,78",11,6,2,NA,35,11,5,2,NA,NA,NA,NA,5,NA,NA,15,2,51
"70","Bressan (ZAG)","Grêmio","9,54",13,"5,24","0,50","-0,74",17,1,NA,9,7,2,NA,NA,NA,NA,NA,NA,1,NA,NA,17,NA,16
"71","Neilton (ATA)","Vitória","11,05",14,"5,24","-2,20","-0,86",20,4,3,NA,32,12,4,NA,NA,NA,NA,NA,4,NA,NA,19,3,50
"72","Diego Souza (MEI)","São Paulo","12,29",12,"5,24","6,20","-0,35",3,6,1,NA,20,8,5,1,NA,NA,NA,NA,NA,NA,NA,19,6,25
"73","Everton (MEI)","São Paulo","11,59",13,"5,23","6,10","0,97",9,5,4,NA,31,5,4,NA,NA,NA,NA,NA,3,NA,NA,16,8,39
"74","Thiago Rodrigues (GOL)","Paraná","7,57",11,"5,23","2,40","0,88",NA,NA,NA,4,1,NA,NA,NA,18,1,NA,NA,NA,NA,11,1,NA,5
"75","Joao Rojas (ATA)","São Paulo","8,46",4,"5,13","8,60","1,94",7,NA,2,NA,6,2,1,NA,NA,NA,NA,NA,1,NA,NA,2,2,6
"76","Odair Hellmann (TEC)","Internacional","12,46",15,"5,10","9,79","1,11",NA,NA,NA,NA,NA,NA,NA,NA,NA,NA,NA,NA,NA,NA,NA,NA,NA,NA
"77","Diego Aguirre (TEC)","São Paulo","12,69",15,"5,09","8,07","0,89",NA,NA,NA,NA,NA,NA,NA,NA,NA,NA,NA,NA,NA,NA,NA,NA,NA,NA
"78","Borja (ATA)","Palmeiras","12,68",4,"5,08","0,00","0,00",7,1,1,NA,4,10,2,NA,NA,NA,NA,NA,3,NA,NA,11,4,7
"79","Uribe (ATA)","Flamengo","9,76",4,"5,05","17,10","4,21",3,1,1,NA,NA,5,1,NA,NA,NA,NA,NA,NA,NA,NA,1,1,5
"80","Leonardo Valencia (MEI)","Botafogo","8,93",14,"5,05","-1,40","-0,63",15,2,3,NA,20,14,9,1,NA,NA,NA,NA,1,NA,NA,10,NA,36
"81","Oswaldo Henríquez (ZAG)","Vasco","5,58",1,"5,00","0,00","0,00",NA,NA,NA,1,NA,NA,NA,NA,NA,NA,NA,NA,NA,NA,NA,NA,NA,NA
"82","Luan (ATA)","Grêmio","16,24",11,"5,00","0,00","0,00",12,NA,3,NA,41,19,8,2,NA,NA,NA,NA,1,1,NA,16,3,46
"83","Gabriel (ATA)","Santos","13,49",15,"4,98","4,00","-0,56",12,5,1,NA,26,24,6,NA,NA,NA,NA,NA,1,NA,NA,16,10,42
"84","Zeca (LAT)","Internacional","10,28",9,"4,98","4,40","0,77",15,NA,1,5,5,2,1,NA,NA,NA,NA,NA,NA,NA,NA,6,2,30
"85","Rhodolfo (ZAG)","Flamengo","8,57",4,"4,95","0,00","0,00",7,NA,NA,3,2,1,NA,NA,NA,NA,NA,1,NA,NA,NA,1,1,5
"86","Gabriel (MEI)","Corinthians","12,81",14,"4,93","7,90","0,72",53,1,NA,NA,21,4,1,NA,NA,NA,NA,NA,5,NA,NA,30,NA,28
"87","Cardona (MEI)","Ceará","3,62",1,"4,90","4,90","0,62",6,NA,NA,NA,1,NA,1,NA,NA,NA,NA,NA,1,NA,NA,4,NA,6
"88","Cléber Reis (ZAG)","Paraná","6,80",8,"4,86","5,10","0,23",17,NA,NA,3,6,3,1,NA,NA,NA,NA,NA,1,NA,NA,4,2,11
"89","Thiago Larghi (TEC)","Atlético-MG","10,88",16,"4,86","2,68","-0,73",NA,NA,NA,NA,NA,NA,NA,NA,NA,NA,NA,NA,NA,NA,NA,NA,NA,NA
"90","Ronaldo (GOL)","Vitória","2,44",3,"4,83","-5,00","-2,62",NA,NA,NA,2,1,NA,NA,NA,4,NA,NA,NA,NA,NA,4,NA,NA,NA
"91","Cuéllar (MEI)","Flamengo","10,74",12,"4,78","5,20","0,17",51,NA,1,NA,5,2,3,NA,NA,NA,NA,2,2,NA,NA,25,NA,18
"92","Marcelo Grohe (GOL)","Grêmio","15,68",14,"4,77","0,00","0,00",NA,NA,NA,10,2,NA,NA,NA,9,NA,NA,NA,NA,NA,5,NA,NA,4
"93","Jailson (GOL)","Palmeiras","13,51",11,"4,75","0,00","0,00",NA,NA,NA,3,NA,NA,NA,NA,23,NA,NA,1,1,NA,11,NA,NA,9
"94","Sander (LAT)","Sport","10,59",15,"4,75","5,80","0,64",45,NA,NA,3,27,4,6,NA,NA,NA,NA,NA,4,NA,NA,31,2,36
"95","Renato Gaúcho (TEC)","Grêmio","14,45",16,"4,71","2,31","-0,39",NA,NA,NA,NA,NA,NA,NA,NA,NA,NA,NA,NA,NA,NA,NA,NA,NA,NA
"96","Carlos Gabriel (LAT)","Atlético-MG","3,74",1,"4,70","0,00","0,00",NA,NA,NA,1,1,NA,NA,NA,NA,NA,NA,NA,NA,NA,NA,1,NA,1
"97","Tiago Alves (ZAG)","Ceará","6,14",8,"4,65","8,00","0,85",13,NA,NA,4,3,1,NA,NA,NA,NA,NA,NA,NA,NA,NA,4,1,7
"98","Fellipe Bastos (MEI)","Sport","9,41",15,"4,63","4,00","0,45",30,1,2,NA,13,15,12,NA,NA,NA,NA,NA,1,NA,NA,20,1,47
"99","Eduardo Brock (ZAG)","Ceará","4,96",2,"4,60","4,20","0,35",NA,NA,NA,2,NA,NA,NA,NA,NA,NA,NA,NA,NA,NA,NA,1,NA,1
"100","Dudu (ATA)","Palmeiras","14,98",14,"4,59","5,40","-0,10",12,3,3,NA,46,6,11,NA,NA,NA,NA,1,5,NA,NA,12,2,39
"101","Giovanni (LAT)","América-MG","8,40",11,"4,58","6,20","-0,21",14,3,NA,2,10,4,1,NA,NA,NA,NA,NA,3,NA,NA,7,1,13
"102","Kieza (ATA)","Botafogo","8,04",15,"4,57","0,00","0,00",8,5,1,NA,19,9,10,NA,NA,NA,NA,NA,NA,NA,NA,16,5,22
"103","Lucca (ATA)","Internacional","9,04",12,"4,56","2,20","-0,24",13,1,3,NA,28,9,5,1,NA,NA,NA,NA,3,NA,NA,12,NA,20
"104","Léo Duarte (ZAG)","Flamengo","7,89",14,"4,56","-2,80","-0,68",17,NA,NA,8,8,4,1,NA,NA,NA,NA,NA,2,NA,NA,5,NA,12
"105","Bruno Alves (ZAG)","São Paulo","11,51",10,"4,49","11,60","1,21",16,1,NA,5,4,NA,NA,1,NA,NA,NA,NA,3,NA,NA,12,3,12
"106","Rafael Sobis (ATA)","Cruzeiro","8,69",10,"4,46","0,00","0,00",9,2,1,NA,14,12,4,NA,NA,NA,NA,NA,2,NA,NA,6,2,11
"107","Éverson (GOL)","Ceará","10,70",15,"4,45","8,20","0,68",NA,NA,NA,4,4,NA,NA,NA,29,NA,NA,NA,1,NA,19,1,NA,6
"108","Silvinho (ATA)","Paraná","9,13",15,"4,41","6,30","0,71",17,3,NA,NA,32,12,10,1,NA,NA,NA,NA,1,NA,NA,19,1,39
"109","Léo Pereira (ZAG)","Atlético-PR","3,12",1,"4,40","4,40","0,12",NA,NA,NA,1,1,NA,NA,NA,NA,NA,NA,NA,NA,NA,NA,1,NA,2
"110","Gustavo Henrique (ZAG)","Santos","6,09",9,"4,39","8,00","0,58",10,1,NA,2,3,5,6,1,NA,NA,NA,NA,1,NA,NA,9,NA,9
"111","Caio Monteiro (ATA)","Vasco","4,91",5,"4,38","0,00","0,00",4,1,1,NA,7,4,2,NA,NA,NA,NA,NA,NA,NA,NA,6,1,9
"112","Christian (MEI)","América-MG","9,58",8,"4,38","0,00","0,00",14,1,NA,NA,12,7,1,NA,NA,NA,NA,NA,NA,NA,NA,4,NA,16
"113","Wallyson (ATA)","Vitória","9,65",12,"4,34","1,20","-0,45",10,2,3,NA,12,10,5,1,NA,NA,NA,NA,2,NA,NA,7,2,28
"114","Renato Chaves (ZAG)","Fluminense","8,16",10,"4,32","0,00","0,00",23,NA,1,3,6,NA,2,NA,NA,NA,NA,NA,2,NA,NA,12,NA,22
"115","Norberto  (LAT)","América-MG","10,69",10,"4,32","0,00","0,00",22,NA,1,3,11,1,1,NA,NA,NA,NA,NA,3,NA,NA,13,NA,16
"116","Pablo (ATA)","Atlético-PR","11,89",15,"4,30","15,50","2,11",19,4,1,NA,11,16,7,NA,NA,NA,NA,NA,2,NA,NA,30,9,14
"117","Alisson (MEI)","Grêmio","7,73",3,"4,30","0,00","0,00",4,NA,NA,NA,5,4,3,NA,NA,NA,NA,NA,NA,NA,NA,NA,NA,8
"118","Jonathas (ATA)","Corinthians","6,57",3,"4,27","0,00","0,00",3,1,NA,NA,2,3,NA,NA,NA,NA,NA,NA,NA,NA,NA,5,NA,2
"119","Hudson (MEI)","São Paulo","9,44",12,"4,23","0,00","0,00",45,NA,NA,NA,13,7,3,NA,NA,NA,NA,NA,6,NA,NA,28,2,18
"120","Ayrton Lucas (LAT)","Fluminense","9,77",9,"4,22","3,90","-0,98",16,NA,NA,2,26,4,NA,NA,NA,NA,NA,NA,1,NA,NA,9,NA,19
"121","Éverton Ribeiro (MEI)","Flamengo","8,64",13,"4,20","20,60","3,26",18,3,2,NA,25,9,7,NA,NA,NA,NA,1,3,NA,NA,23,NA,40
"122","William Pottker (ATA)","Internacional","8,00",14,"4,20","23,10","3,76",15,4,NA,NA,22,9,8,1,NA,NA,NA,1,2,NA,NA,11,7,28
"123","Adilson Batista (TEC)","América-MG","8,19",1,"4,19","4,19","-0,06",NA,NA,NA,NA,NA,NA,NA,NA,NA,NA,NA,NA,NA,NA,NA,NA,NA,NA
"124","Tiago Nunes (TEC)","Atlético-PR","9,34",3,"4,19","6,89","0,82",NA,NA,NA,NA,NA,NA,NA,NA,NA,NA,NA,NA,NA,NA,NA,NA,NA,NA
"125","Juninho (MEI)","América-MG","8,55",15,"4,19","1,40","-1,84",41,2,NA,NA,16,4,1,NA,NA,NA,NA,NA,3,NA,NA,19,1,37
"126","Pio (MEI)","Ceará","7,37",8,"4,18","0,00","0,00",15,1,1,NA,11,9,8,NA,NA,NA,1,NA,2,NA,NA,14,1,26
"127","Osmar Loss (TEC)","Corinthians","11,94",10,"4,17","5,64","-0,07",NA,NA,NA,NA,NA,NA,NA,NA,NA,NA,NA,NA,NA,NA,NA,NA,NA,NA
"128","Rodolfo  (ATA)","Paraná","5,30",3,"4,17","-0,70","-1,05",1,1,NA,NA,8,3,3,NA,NA,NA,NA,NA,1,NA,NA,6,1,5
"129","Thiago Santos (MEI)","Palmeiras","7,11",9,"4,13","-0,50","-1,91",20,1,NA,NA,9,NA,1,1,NA,NA,NA,NA,1,NA,NA,12,NA,5
"130","Fagner (LAT)","Corinthians","10,12",7,"4,11","0,60","-0,87",11,NA,2,3,5,1,NA,NA,NA,NA,NA,NA,1,NA,NA,10,NA,30
"131","Carlinhos (LAT)","América-MG","11,08",7,"4,11","3,70","-0,49",8,1,1,2,5,2,5,NA,NA,NA,NA,NA,2,NA,NA,14,1,16
"132","Iago (LAT)","Internacional","10,78",14,"4,10","6,20","0,06",27,NA,NA,7,5,5,2,NA,NA,NA,NA,NA,3,NA,NA,16,2,40
"133","Santos (GOL)","Atlético-PR","9,21",13,"4,10","0,00","0,00",NA,NA,NA,4,2,NA,NA,NA,22,NA,NA,NA,NA,NA,16,NA,NA,6
"134","Sidão (GOL)","São Paulo","11,47",14,"4,09","10,40","1,91",NA,NA,NA,7,NA,NA,NA,NA,19,NA,NA,NA,3,NA,13,NA,NA,10
"135","Lisca (TEC)","Ceará","7,29",6,"4,07","5,72","0,63",NA,NA,NA,NA,NA,NA,NA,NA,NA,NA,NA,NA,NA,NA,NA,NA,NA,NA
"136","João Ricardo (GOL)","América-MG","6,98",7,"4,06","11,00","2,29",NA,NA,NA,2,1,NA,NA,NA,14,NA,NA,NA,NA,NA,11,NA,NA,7
"137","Danilo Fernandes (GOL)","Internacional","10,00",13,"4,01","10,70","2,00",NA,NA,NA,6,2,NA,NA,NA,14,NA,NA,NA,NA,NA,10,NA,NA,3
"138","Paulo André (ZAG)","Atlético-PR","7,25",5,"4,00","4,10","0,58",3,1,NA,3,5,NA,NA,NA,NA,NA,NA,NA,2,NA,NA,6,NA,10
"139","Léo (LAT)","Bahia","9,31",13,"4,00","1,10","-1,38",27,NA,1,3,14,3,2,NA,NA,NA,NA,NA,NA,NA,NA,16,3,36
"140","Mantuan (LAT)","Corinthians","5,38",10,"3,97","0,00","0,00",23,NA,NA,3,13,2,NA,NA,NA,NA,NA,NA,1,NA,NA,14,1,28
"141","Fabiano (LAT)","Internacional","9,42",8,"3,97","10,10","1,55",12,NA,1,4,1,3,NA,NA,NA,NA,NA,NA,2,NA,NA,6,NA,24
"142","Liziero (LAT)","São Paulo","6,56",12,"3,96","6,10","0,17",16,NA,NA,5,12,1,NA,NA,NA,NA,NA,NA,1,NA,NA,6,NA,11
"143","Bruno Pacheco (LAT)","Chapecoense","6,48",14,"3,96","-0,40","-0,80",29,NA,NA,4,24,4,NA,NA,NA,NA,NA,NA,3,NA,NA,18,NA,27
"144","Elicarlos (MEI)","Chapecoense","8,20",13,"3,95","17,50","2,70",23,2,NA,NA,29,5,2,NA,NA,NA,NA,NA,2,NA,NA,20,NA,20
"145","Marcelo Oliveira (TEC)","Fluminense","10,15",4,"3,95","4,19","-0,16",NA,NA,NA,NA,NA,NA,NA,NA,NA,NA,NA,NA,NA,NA,NA,NA,NA,NA
"146","Diego Pituca (MEI)","Santos","4,08",12,"3,91","4,00","0,15",24,NA,3,NA,18,8,NA,NA,NA,NA,NA,NA,3,NA,NA,16,NA,18
"147","Rodrigo Lindoso (MEI)","Botafogo","8,83",15,"3,90","0,00","0,00",18,3,2,NA,23,10,4,NA,NA,NA,NA,NA,3,NA,NA,19,2,34
"148","Paolo Guerrero (ATA)","Flamengo","11,23",6,"3,90","0,00","-0,41",3,1,1,NA,10,5,3,NA,NA,NA,NA,NA,NA,NA,NA,9,2,4
"149","Madson (LAT)","Grêmio","6,27",5,"3,90","2,50","-0,71",5,NA,NA,2,5,3,1,NA,NA,NA,NA,NA,NA,NA,NA,3,1,7
"150","Eduardo (LAT)","Chapecoense","5,24",9,"3,88","-2,40","-0,64",12,NA,2,3,5,NA,1,NA,NA,NA,NA,NA,1,NA,NA,7,NA,21
"151","Dodô (LAT)","Santos","11,69",15,"3,88","4,30","0,31",31,NA,NA,3,21,4,2,1,NA,NA,NA,NA,2,NA,NA,6,1,50
"152","Diego (MEI)","Flamengo","9,64",12,"3,87","3,30","0,24",15,3,1,NA,41,12,3,NA,NA,NA,NA,NA,5,NA,NA,21,6,51
"153","Gilson (LAT)","Botafogo","7,23",9,"3,85","0,00","-0,98",18,1,NA,1,22,2,2,NA,NA,NA,NA,NA,3,NA,NA,12,NA,28
"154","Claudinei Oliveira (TEC)","Sport","8,91",14,"3,85","2,98","0,21",NA,NA,NA,NA,NA,NA,NA,NA,NA,NA,NA,NA,NA,NA,NA,NA,NA,NA
"155","Jonathan (LAT)","Atlético-PR","9,36",7,"3,79","8,50","1,03",4,NA,3,2,2,NA,NA,NA,NA,NA,NA,NA,1,NA,NA,4,NA,5
"156","Tomás Andrade (MEI)","Atlético-MG","5,47",8,"3,78","0,00","0,00",9,2,NA,NA,2,1,3,1,NA,NA,NA,NA,NA,NA,NA,4,NA,19
"157","Cedric (LAT)","Vitória","3,83",4,"3,78","0,00","0,00",2,NA,NA,3,NA,NA,NA,NA,NA,NA,NA,NA,NA,NA,NA,1,NA,8
"158","Pará (LAT)","Flamengo","4,32",3,"3,77","0,00","0,00",4,NA,NA,1,4,NA,NA,NA,NA,NA,NA,NA,NA,NA,NA,1,NA,4
"159","Danilo Avelar (LAT)","Corinthians","6,50",4,"3,77","0,30","-1,46",4,NA,NA,2,4,NA,3,1,NA,NA,NA,NA,NA,NA,NA,9,1,15
"160","Osman (ATA)","Chapecoense","4,12",4,"3,77","3,10","0,44",4,1,NA,NA,3,2,1,NA,NA,NA,NA,NA,NA,NA,NA,1,NA,9
"161","Victor Ferraz (LAT)","Santos","8,59",11,"3,76","-0,90","-1,85",21,1,NA,2,3,1,3,NA,NA,NA,NA,NA,1,NA,NA,8,4,20
"162","Claudio Winck (LAT)","Sport","5,22",7,"3,76","9,80","1,26",6,2,NA,1,9,3,2,NA,NA,NA,NA,NA,1,NA,NA,13,NA,15
"163","Mano Menezes (TEC)","Cruzeiro","10,37",16,"3,75","1,01","-0,19",NA,NA,NA,NA,NA,NA,NA,NA,NA,NA,NA,NA,NA,NA,NA,NA,NA,NA
"164","Wellington Silva (ATA)","Internacional","3,83",2,"3,75","0,00","0,00",NA,1,NA,NA,NA,NA,NA,NA,NA,NA,NA,NA,NA,NA,NA,1,NA,NA
"165","Jean Mota (MEI)","Santos","10,02",14,"3,75","1,90","-0,26",22,1,NA,NA,17,14,16,1,NA,NA,NA,NA,3,NA,NA,23,NA,43
"166","Juninho (MEI)","Ceará","6,22",9,"3,67","0,00","0,00",24,NA,NA,NA,7,7,4,NA,NA,NA,NA,NA,NA,NA,NA,14,NA,33
"167","Douglas (ZAG)","Chapecoense","8,08",15,"3,67","2,20","0,62",24,NA,NA,5,9,3,NA,1,NA,NA,NA,NA,2,NA,NA,17,NA,11
"168","Marcos Junior (ATA)","Fluminense","6,46",11,"3,67","0,00","0,00",7,2,2,NA,17,4,3,NA,NA,NA,NA,NA,NA,NA,NA,8,6,15
"169","Leonardo (LAT)","Grêmio","2,01",3,"3,67","0,00","0,00",6,NA,NA,1,4,1,1,NA,NA,NA,NA,NA,1,NA,NA,7,NA,5
"170","Matheus Savio (MEI)","Flamengo","5,30",3,"3,67","0,00","0,00",2,1,NA,NA,1,NA,1,NA,NA,NA,NA,NA,NA,NA,NA,1,NA,4
"171","Elton (MEI)","Bahia","8,80",14,"3,65","1,50","-0,85",41,NA,2,NA,6,6,2,NA,NA,NA,NA,NA,1,NA,NA,42,NA,25
"172","Tiago  (ZAG)","Bahia","7,71",11,"3,64","2,40","-0,69",15,1,NA,3,12,7,4,NA,NA,NA,NA,NA,2,NA,NA,21,2,21
"173","Enderson Moreira (TEC)","Bahia","10,27",15,"3,61","3,04","-0,68",NA,NA,NA,NA,NA,NA,NA,NA,NA,NA,NA,NA,NA,NA,NA,NA,NA,NA
"174","Andrés Ríos (ATA)","Vasco","7,39",13,"3,60","3,10","-1,05",8,5,1,NA,26,6,6,1,NA,NA,NA,NA,4,1,NA,37,1,24
"175","Léo (ZAG)","Cruzeiro","8,29",14,"3,57","1,50","-0,03",18,NA,NA,5,4,5,1,NA,NA,NA,NA,NA,NA,NA,NA,11,2,9
"176","Ramon (LAT)","Vasco","7,70",5,"3,56","0,50","-0,62",6,1,NA,1,1,1,2,NA,NA,NA,NA,NA,1,NA,NA,4,NA,13
"177","Emerson (LAT)","Atlético-MG","4,51",4,"3,52","0,00","0,00",9,NA,NA,1,7,NA,NA,NA,NA,NA,NA,NA,1,NA,NA,7,NA,8
"178","Gilson Kleina (TEC)","Chapecoense","7,94",16,"3,51","3,15","0,31",NA,NA,NA,NA,NA,NA,NA,NA,NA,NA,NA,NA,NA,NA,NA,NA,NA,NA
"179","Jadson (MEI)","Corinthians","8,95",9,"3,50","12,10","1,93",2,2,3,NA,1,2,1,1,NA,NA,NA,NA,NA,NA,NA,5,NA,21
"180","Marcelo Benevenuto (ZAG)","Botafogo","6,69",1,"3,50","0,00","0,00",2,NA,NA,NA,1,NA,NA,NA,NA,NA,NA,NA,NA,NA,NA,NA,NA,NA
"181","Aderllan (ZAG)","Vitória","3,64",9,"3,50","0,00","0,00",9,1,NA,4,4,4,2,NA,NA,NA,1,NA,1,NA,NA,14,NA,12
"182","Arboleda (ZAG)","São Paulo","9,18",10,"3,50","0,00","0,00",16,NA,1,3,11,5,2,NA,NA,NA,NA,NA,3,NA,NA,18,2,16
"183","Edigar Junio (ATA)","Bahia","7,87",8,"3,48","2,60","0,25",4,2,NA,NA,12,3,3,1,NA,NA,NA,NA,NA,NA,NA,11,2,9
"184","Cazares (MEI)","Atlético-MG","9,27",11,"3,46","-0,90","-0,77",7,2,2,NA,3,13,6,NA,NA,NA,NA,NA,1,NA,NA,7,NA,40
"185","Elton (ATA)","Ceará","6,18",6,"3,45","0,00","0,00",3,2,1,NA,4,4,4,NA,NA,NA,NA,NA,2,NA,NA,17,1,6
"186","Luan (ZAG)","Palmeiras","3,52",2,"3,45","0,00","0,00",5,NA,NA,1,1,NA,NA,NA,NA,NA,NA,1,NA,NA,NA,1,NA,2
"187","João Lucas (LAT)","Ceará","4,60",5,"3,44","9,60","2,01",5,NA,NA,2,2,3,1,NA,NA,NA,NA,NA,NA,NA,NA,2,NA,13
"188","Ronaldo Alves (ZAG)","Sport","7,74",14,"3,44","8,70","1,09",20,NA,NA,4,18,6,1,NA,NA,NA,NA,NA,3,NA,NA,12,1,15
"189","Leandro Damião (ATA)","Internacional","8,43",12,"3,44","8,50","1,17",4,3,1,NA,11,15,11,NA,NA,NA,NA,NA,3,NA,NA,20,4,21
"190","Igor Rabello (ZAG)","Botafogo","10,71",16,"3,44","3,20","-0,88",24,2,NA,3,13,3,2,NA,NA,NA,1,NA,1,NA,NA,13,3,27
"191","Marcinho (ATA)","Atlético-PR","4,68",4,"3,42","8,60","1,36",3,1,NA,NA,8,2,1,NA,NA,NA,NA,NA,NA,NA,NA,7,NA,7
"192","Jean (MEI)","Botafogo","3,73",5,"3,42","6,00","0,85",10,NA,1,NA,11,NA,NA,NA,NA,NA,NA,NA,1,NA,NA,8,NA,8
"193","Marcinho (LAT)","Botafogo","6,64",13,"3,39","1,00","-1,68",18,1,3,2,4,5,1,NA,NA,NA,NA,NA,2,NA,NA,14,1,39
"194","Danilo Silva (ZAG)","Internacional","5,08",2,"3,35","0,00","0,00",5,NA,NA,1,NA,NA,NA,NA,NA,NA,NA,NA,2,NA,NA,3,NA,1
"195","Jucilei (MEI)","São Paulo","7,83",11,"3,34","0,00","0,00",31,NA,NA,NA,17,2,NA,NA,NA,NA,NA,NA,2,NA,NA,21,NA,18
"196","Thiago Martins (ZAG)","Palmeiras","5,35",6,"3,32","4,90","0,80",4,NA,NA,3,1,2,1,NA,NA,NA,NA,NA,NA,NA,NA,4,NA,8
"197","Rogério (ATA)","Sport","8,63",14,"3,32","0,00","0,00",4,2,1,NA,25,14,8,NA,NA,NA,NA,NA,NA,NA,NA,12,6,16
"198","Pablo Dyego (ATA)","Fluminense","5,75",10,"3,29","0,00","0,00",3,2,NA,NA,12,6,4,1,NA,NA,NA,NA,NA,NA,NA,4,NA,14
"199","Adilson (MEI)","Atlético-MG","6,64",10,"3,28","0,00","0,00",30,NA,NA,NA,16,NA,NA,NA,NA,NA,NA,NA,3,NA,NA,17,NA,19
"200","Maicon (MEI)","Grêmio","8,21",11,"3,27","0,00","0,00",19,3,1,NA,8,4,2,NA,NA,NA,NA,NA,3,1,NA,17,NA,42
"201","Desábato (MEI)","Vasco","7,29",13,"3,26","-1,70","-1,37",39,NA,1,NA,11,2,NA,NA,NA,NA,NA,1,1,NA,NA,21,NA,36
"202","Hyoran (MEI)","Palmeiras","5,12",11,"3,26","3,80","0,43",5,1,5,NA,11,3,4,NA,NA,NA,NA,NA,2,NA,NA,17,1,14
"203","Fábio (GOL)","Cruzeiro","9,72",15,"3,25","-1,00","-0,27",NA,NA,NA,5,1,NA,NA,NA,17,NA,NA,NA,NA,NA,13,NA,NA,6
"204","Rhayner (ATA)","Vitória","8,58",11,"3,25","0,00","0,00",20,NA,1,NA,20,6,9,1,NA,NA,NA,NA,4,NA,NA,24,NA,26
"205","Walisson Maia (ZAG)","Vitória","5,06",2,"3,25","0,00","0,00",7,NA,NA,NA,1,NA,NA,NA,NA,NA,NA,NA,1,NA,NA,2,NA,5
"206","Rogério Micale (TEC)","Paraná","6,78",16,"3,22","2,06","-0,12",NA,NA,NA,NA,NA,NA,NA,NA,NA,NA,NA,NA,NA,NA,NA,NA,NA,NA
"207","Luiz Otávio (ZAG)","Ceará","8,34",14,"3,21","7,00","0,57",24,NA,NA,4,7,2,NA,NA,NA,NA,NA,NA,4,NA,NA,8,NA,14
"208","Régis (MEI)","Bahia","6,72",14,"3,21","12,40","2,20",10,3,2,NA,12,6,3,1,NA,NA,NA,NA,3,NA,NA,13,NA,30
"209","Pedro Botelho (LAT)","Vitória","6,26",5,"3,20","0,00","0,00",8,1,NA,NA,NA,1,1,NA,NA,NA,NA,NA,NA,NA,NA,3,NA,15
"210","Valdo (ZAG)","Ceará","7,22",10,"3,20","0,00","0,00",11,NA,NA,3,4,3,NA,NA,NA,NA,NA,NA,NA,NA,NA,5,NA,5
"211","Clayson (ATA)","Corinthians","9,25",6,"3,18","-1,30","-0,52",7,1,1,NA,5,1,NA,NA,NA,NA,NA,NA,NA,NA,NA,8,2,9
"212","Lucas Fernandes (ATA)","Vitória","5,88",10,"3,18","4,60","-0,19",7,1,NA,NA,22,2,3,2,NA,NA,NA,NA,NA,NA,NA,6,NA,20
"213","Henrique (ZAG)","Corinthians","9,36",16,"3,16","2,00","-0,64",8,1,NA,6,12,4,NA,NA,NA,NA,NA,NA,1,NA,NA,7,NA,10
"214","Marcos Paquetá (TEC)","Botafogo","9,01",4,"3,13","2,01","-0,62",NA,NA,NA,NA,NA,NA,NA,NA,NA,NA,NA,NA,NA,NA,NA,NA,NA,NA
"215","Anderson (GOL)","Bahia","3,41",7,"3,13","-1,00","-0,86",NA,NA,NA,2,1,NA,NA,NA,8,NA,NA,NA,NA,NA,6,NA,NA,2
"216","Diogo Barbosa (LAT)","Palmeiras","9,47",12,"3,12","3,90","0,53",20,NA,2,4,7,NA,NA,NA,NA,NA,NA,NA,4,NA,NA,22,NA,24
"217","Renatinho (MEI)","Botafogo","5,11",8,"3,10","2,90","0,35",14,NA,NA,NA,7,3,5,NA,NA,NA,NA,NA,1,NA,NA,5,NA,12
"218","Richardson (MEI)","Ceará","7,06",10,"3,10","0,00","0,00",22,NA,NA,NA,27,2,3,NA,NA,NA,NA,NA,3,NA,NA,18,NA,19
"219","Raniel (ATA)","Cruzeiro","6,22",13,"3,10","-0,80","-0,61",7,2,1,NA,19,11,6,NA,NA,NA,NA,NA,NA,NA,NA,26,3,7
"220","Alison (MEI)","Santos","7,73",9,"3,08","0,90","-0,39",27,NA,NA,NA,12,2,NA,NA,NA,NA,NA,NA,4,NA,NA,17,NA,13
"221","Vinícius Freitas (LAT)","Chapecoense","3,74",4,"3,08","1,50","-0,08",4,NA,1,1,NA,NA,NA,NA,NA,NA,NA,NA,1,NA,NA,1,NA,4
"222","Bruno Cosendey (MEI)","Vasco","4,32",6,"3,05","0,00","0,00",5,1,1,NA,3,2,2,NA,NA,NA,NA,NA,NA,NA,NA,7,NA,14
"223","Gustavo Scarpa (MEI)","Palmeiras","10,33",4,"3,05","6,50","0,97",7,NA,NA,NA,8,5,2,NA,NA,NA,NA,NA,1,NA,NA,5,NA,14
"224","Thiago Heleno (ZAG)","Atlético-PR","8,87",10,"3,02","0,00","0,00",9,1,NA,3,8,3,1,1,NA,NA,1,NA,1,NA,NA,13,NA,11
"225","Jorginho (TEC)","Vasco","5,72",8,"3,01","2,14","-0,65",NA,NA,NA,NA,NA,NA,NA,NA,NA,NA,NA,NA,NA,NA,NA,NA,NA,NA
"226","Ralf (MEI)","Corinthians","8,96",1,"3,00","0,00","0,00",2,NA,NA,NA,1,NA,NA,NA,NA,NA,NA,NA,NA,NA,NA,1,NA,NA
"227","Ademir (ATA)","América-MG","2,97",9,"2,99","0,00","-0,14",8,1,NA,NA,21,6,3,NA,NA,NA,NA,NA,2,NA,NA,8,2,10
"228","Bruno Silva (ATA)","Chapecoense","2,80",11,"2,98","1,70","0,03",17,1,NA,NA,11,2,3,NA,NA,NA,NA,NA,NA,NA,NA,10,NA,21
"229","Marlone (MEI)","Sport","8,98",15,"2,97","4,80","0,78",8,1,3,NA,22,9,8,NA,NA,NA,NA,NA,1,NA,NA,6,2,41
"230","Gabriel (MEI)","Sport","6,07",15,"2,95","1,70","-0,29",11,2,1,NA,23,7,5,NA,NA,NA,NA,NA,1,NA,NA,10,2,28
"231","Bruno Bispo (ZAG)","Vitória","4,18",2,"2,95","0,00","0,00",3,NA,NA,1,1,NA,NA,NA,NA,NA,NA,NA,1,NA,NA,3,NA,2
"232","Rodrigo Dourado (MEI)","Internacional","9,82",14,"2,94","0,80","-0,12",47,NA,NA,NA,17,1,3,NA,NA,NA,NA,NA,7,NA,NA,43,1,21
"233","Igor (LAT)","Paraná","3,28",7,"2,93","0,00","0,00",10,NA,NA,2,4,3,NA,NA,NA,NA,NA,NA,1,NA,NA,5,1,13
"234","Willian Farias (MEI)","Vitória","4,53",9,"2,92","0,30","-1,64",16,NA,1,NA,3,4,1,NA,NA,NA,NA,NA,1,NA,NA,9,NA,7
"235","Everton Felipe (MEI)","Sport","5,47",6,"2,92","0,00","0,00",5,1,NA,NA,9,1,3,NA,NA,NA,NA,NA,NA,NA,NA,3,NA,18
"236","Nikão (MEI)","Atlético-PR","11,56",13,"2,91","5,60","0,78",7,1,2,NA,19,9,8,1,NA,NA,NA,NA,2,NA,NA,8,4,33
"237","Gregore (MEI)","Bahia","7,73",14,"2,91","6,40","0,03",43,NA,1,NA,12,4,5,NA,NA,NA,NA,NA,5,NA,NA,55,NA,22
"238","Rafael Thyere (ZAG)","Chapecoense","4,05",14,"2,91","0,00","0,00",20,NA,NA,5,9,NA,NA,NA,NA,NA,NA,NA,4,NA,NA,7,1,23
"239","Vanderlei (GOL)","Santos","13,73",15,"2,88","-2,00","-0,84",NA,NA,NA,3,2,NA,NA,NA,22,NA,NA,NA,NA,NA,19,NA,NA,2
"240","Antônio Carlos  (ZAG)","Palmeiras","8,58",13,"2,88","5,70","0,81",10,1,NA,4,5,3,3,2,NA,NA,NA,NA,4,NA,NA,13,1,17
"241","Henrique (MEI)","Cruzeiro","9,21",10,"2,86","3,00","-0,09",21,NA,NA,NA,13,6,1,NA,NA,NA,NA,NA,3,NA,NA,11,NA,13
"242","Torito González (MEI)","Paraná","4,83",11,"2,85","2,00","0,43",22,NA,NA,NA,23,5,1,NA,NA,NA,NA,NA,4,NA,NA,15,NA,9
"243","Régis (LAT)","São Paulo","6,86",6,"2,82","0,00","0,00",10,NA,NA,2,2,1,1,NA,NA,NA,NA,NA,2,NA,NA,7,NA,12
"244","Pedro Henrique (ZAG)","Corinthians","5,47",7,"2,81","2,10","0,14",8,NA,NA,2,6,3,1,NA,NA,NA,NA,NA,2,NA,NA,5,NA,8
"245","Thiago Galhardo (MEI)","Vasco","7,19",6,"2,80","0,00","0,00",5,NA,2,NA,8,3,2,1,NA,NA,NA,NA,3,NA,NA,7,NA,10
"246","Júlio César (GOL)","Fluminense","5,07",16,"2,78","4,00","-0,93",NA,NA,NA,4,1,NA,NA,NA,23,NA,NA,NA,1,NA,20,NA,NA,10
"247","Élber (MEI)","Bahia","5,28",11,"2,78","0,90","-0,04",9,1,2,NA,13,NA,10,NA,NA,NA,NA,NA,4,NA,NA,5,1,28
"248","Raul Prata (LAT)","Sport","8,14",12,"2,78","-1,30","-0,58",24,NA,NA,3,15,2,2,NA,NA,NA,NA,1,2,NA,NA,15,NA,42
"249","Lucas (LAT)","Vitória","6,50",6,"2,72","0,00","0,00",5,1,NA,NA,8,2,NA,NA,NA,NA,NA,NA,NA,NA,NA,3,NA,11
"250","Victor (GOL)","Atlético-MG","9,31",16,"2,70","-3,60","-4,32",NA,NA,NA,3,2,NA,NA,NA,27,NA,NA,NA,1,NA,24,NA,NA,13
"251","Hernane (ATA)","Grêmio","4,32",1,"2,70","2,70","-0,68",NA,NA,1,NA,2,NA,NA,NA,NA,NA,NA,NA,1,NA,NA,2,NA,1
"252","Pachu (ATA)","Botafogo","2,55",1,"2,70","0,00","0,00",1,NA,NA,NA,1,NA,1,NA,NA,NA,NA,NA,NA,NA,NA,1,NA,NA
"253","Rafael Moura (ATA)","América-MG","9,31",11,"2,69","0,00","0,00",2,3,2,NA,9,4,6,NA,NA,NA,NA,NA,3,NA,NA,17,3,21
"254","Marcelo Hermes (LAT)","Cruzeiro","4,18",5,"2,68","0,00","0,00",9,NA,NA,1,4,4,NA,NA,NA,NA,NA,NA,1,NA,NA,4,NA,21
"255","Ibañez (ZAG)","Fluminense","5,96",4,"2,67","0,00","0,00",6,NA,NA,1,1,1,NA,NA,NA,NA,NA,NA,1,NA,NA,1,NA,7
"256","Lucas Fonseca (ZAG)","Bahia","6,75",13,"2,67","0,00","0,00",12,NA,NA,4,16,3,2,1,NA,NA,NA,NA,3,NA,NA,10,NA,27
"257","Everson (ZAG)","Bahia","4,01",4,"2,67","0,00","0,00",4,NA,NA,1,2,2,NA,1,NA,NA,NA,NA,1,NA,NA,2,1,8
"258","Canteros (MEI)","Chapecoense","7,52",15,"2,65","0,00","0,00",24,2,1,NA,12,4,1,1,NA,NA,NA,NA,2,NA,NA,16,NA,62
"259","Marcelo (MEI)","Botafogo","3,30",2,"2,65","0,00","0,00",2,NA,NA,NA,4,2,NA,NA,NA,NA,NA,NA,NA,NA,NA,2,NA,1
"260","Daniel Guedes  (LAT)","Santos","7,38",4,"2,65","0,00","0,00",6,NA,NA,1,1,NA,NA,NA,NA,NA,NA,NA,NA,NA,NA,2,1,8
"261","Victor Luis (LAT)","Palmeiras","6,77",5,"2,64","0,00","0,00",6,NA,NA,1,3,2,2,NA,NA,NA,NA,NA,1,NA,NA,2,NA,11
"262","Messias (ZAG)","América-MG","8,86",16,"2,64","6,20","1,06",15,1,NA,4,11,3,2,NA,NA,NA,NA,NA,1,NA,NA,14,NA,32
"263","Gum (ZAG)","Fluminense","5,92",12,"2,63","5,00","-0,44",14,NA,1,3,4,3,1,NA,NA,NA,NA,NA,NA,NA,NA,15,NA,25
"264","Juan (ZAG)","Flamengo","7,20",3,"2,60","0,00","0,00",2,NA,NA,1,1,1,NA,NA,NA,NA,NA,NA,NA,NA,NA,NA,NA,5
"265","Renê Júnior (MEI)","Corinthians","5,85",4,"2,60","0,00","0,00",9,NA,NA,NA,5,2,NA,NA,NA,NA,NA,NA,NA,NA,NA,12,NA,4
"266","Pepê (ATA)","Grêmio","4,61",7,"2,60","14,40","2,70",8,1,NA,NA,8,2,NA,NA,NA,NA,NA,NA,1,NA,NA,5,1,8
"267","Edimar (LAT)","São Paulo","3,64",5,"2,58","0,00","0,00",4,NA,NA,2,3,1,NA,NA,NA,NA,NA,NA,1,NA,NA,5,NA,3
"268","Robinho (MEI)","Cruzeiro","5,88",14,"2,57","0,00","0,00",19,1,3,NA,16,8,2,NA,NA,NA,NA,NA,4,NA,NA,19,2,46
"269","Barcos (ATA)","Cruzeiro","7,42",4,"2,55","-4,90","-2,10",4,1,NA,NA,3,3,1,NA,NA,NA,NA,NA,NA,1,NA,5,NA,8
"270","Luiz Gustavo (ZAG)","Vasco","4,18",8,"2,55","2,50","-0,86",13,NA,NA,2,6,2,NA,NA,NA,NA,NA,NA,2,NA,NA,8,NA,19
"271","Wellington Paulista (ATA)","Chapecoense","9,57",14,"2,54","0,80","0,40",9,3,2,NA,20,19,2,NA,NA,NA,NA,NA,6,NA,NA,30,7,30
"272","Jeferson (LAT)","Vitória","4,51",12,"2,52","0,00","0,00",18,NA,1,3,7,1,1,NA,NA,NA,NA,NA,4,NA,NA,13,1,24
"273","Denilson (ATA)","Atlético-MG","8,41",7,"2,52","0,00","0,00",3,2,NA,NA,5,5,1,NA,NA,NA,NA,NA,NA,NA,NA,11,3,12
"274","Emerson Sheik (ATA)","Corinthians","7,66",8,"2,52","6,50","0,55",2,NA,2,NA,11,NA,1,1,NA,NA,NA,NA,NA,NA,NA,4,NA,2
"275","Aderlan (LAT)","América-MG","4,08",10,"2,52","5,90","0,93",20,NA,1,2,8,3,NA,NA,NA,NA,NA,NA,5,NA,NA,15,NA,29
"276","Bruno Silva (MEI)","Cruzeiro","6,90",10,"2,51","0,00","0,00",10,1,1,NA,2,9,1,NA,NA,NA,NA,NA,2,NA,NA,11,NA,9
"277","Paulinho (ATA)","São Paulo","1,29",1,"2,50","0,00","0,00",NA,NA,NA,NA,1,1,1,NA,NA,NA,NA,NA,NA,NA,NA,NA,NA,NA
"278","Jonatan Álvez (ATA)","Internacional","6,51",2,"2,50","-1,30","-1,55",NA,1,NA,NA,1,1,NA,NA,NA,NA,NA,NA,1,NA,NA,3,1,1
"279","Felipe Azevedo (ATA)","Ceará","4,76",13,"2,49","-1,10","-0,72",9,1,2,NA,16,5,4,NA,NA,NA,NA,NA,NA,NA,NA,13,1,30
"280","Jadson (MEI)","Fluminense","8,52",15,"2,48","3,50","0,53",28,NA,1,NA,24,6,4,NA,NA,NA,NA,NA,3,NA,NA,22,1,46
"281","Sornoza (MEI)","Fluminense","8,16",15,"2,48","3,70","0,41",18,NA,1,NA,10,12,10,NA,NA,NA,NA,NA,3,NA,NA,8,NA,38
"282","Ramon (ZAG)","Vitória","2,94",12,"2,48","-4,50","-2,43",11,1,NA,3,10,3,2,NA,NA,NA,NA,NA,3,NA,NA,18,NA,15
"283","David Braz (ZAG)","Santos","8,70",13,"2,46","2,20","-0,49",17,NA,NA,3,7,7,NA,NA,NA,NA,NA,NA,3,NA,NA,10,NA,22
"284","Jefferson (GOL)","Botafogo","8,15",12,"2,46","0,00","0,00",NA,NA,1,2,1,NA,NA,NA,16,NA,NA,NA,NA,NA,16,NA,NA,7
"285","Jean (LAT)","Palmeiras","5,56",4,"2,45","0,00","0,00",3,NA,NA,1,2,NA,1,1,NA,NA,NA,NA,1,NA,NA,4,NA,3
"286","Gabriel (ZAG)","Atlético-MG","6,38",15,"2,43","-0,60","-0,48",19,NA,NA,2,17,2,2,1,NA,NA,1,NA,1,NA,NA,13,NA,13
"287","Thiago Santos (ATA)","Paraná","1,64",6,"2,43","0,00","0,00",1,1,1,NA,8,6,NA,2,NA,NA,NA,NA,2,NA,NA,11,5,9
"288","Lucas Lima (MEI)","Palmeiras","8,21",14,"2,42","9,50","1,74",15,2,1,NA,12,5,1,1,NA,NA,NA,NA,3,NA,NA,21,NA,24
"289","Jandrei (GOL)","Chapecoense","5,65",16,"2,41","1,00","0,36",1,NA,NA,5,2,NA,NA,NA,20,NA,NA,NA,1,NA,22,NA,NA,10
"290","Rafael Marques (ATA)","Sport","4,22",13,"2,40","3,90","1,27",9,1,1,NA,13,7,7,NA,NA,NA,NA,NA,1,NA,NA,12,6,16
"291","Nicolas (LAT)","Atlético-PR","3,53",1,"2,40","0,00","0,00",3,NA,NA,NA,NA,NA,NA,NA,NA,NA,NA,NA,NA,NA,NA,3,NA,2
"292","Luis Ricardo (LAT)","Botafogo","3,99",5,"2,38","3,90","0,02",4,NA,NA,2,1,NA,NA,NA,NA,NA,NA,NA,NA,NA,NA,2,NA,12
"293","Ezequiel (ATA)","Botafogo","4,59",6,"2,37","0,00","0,00",4,NA,1,NA,4,3,1,NA,NA,NA,NA,NA,NA,NA,NA,3,NA,3
"294","Leandro Vilela (MEI)","Paraná","5,51",12,"2,37","8,80","0,76",29,NA,NA,NA,19,7,1,NA,NA,NA,NA,NA,4,NA,NA,28,NA,31
"295","Camilo (MEI)","Internacional","4,23",4,"2,35","0,00","0,00",1,NA,2,NA,NA,1,NA,NA,NA,NA,NA,NA,NA,NA,NA,1,NA,8
"296","Werley (ZAG)","Vasco","5,87",6,"2,35","0,00","0,00",9,NA,NA,1,5,3,2,NA,NA,NA,1,NA,NA,NA,NA,8,NA,9
"297","Edenílson (MEI)","Internacional","8,79",12,"2,35","3,60","0,29",14,NA,2,NA,12,6,1,NA,NA,NA,NA,NA,2,NA,NA,7,NA,24
"298","Digão (ZAG)","Fluminense","5,27",4,"2,33","3,40","-0,22",4,NA,NA,1,3,NA,2,NA,NA,NA,NA,NA,NA,NA,NA,7,NA,7
"299","Caio Henrique (MEI)","Paraná","4,49",16,"2,33","0,20","-0,14",16,NA,3,NA,11,8,3,NA,NA,NA,NA,NA,1,NA,NA,10,2,31
"300","Leandro Pereira (ATA)","Chapecoense","6,14",14,"2,31","1,30","-0,38",11,2,NA,NA,18,9,5,1,NA,NA,NA,1,1,NA,NA,23,9,8
"301","Luan (ATA)","América-MG","9,59",8,"2,30","0,00","0,00",12,NA,2,NA,15,7,1,NA,NA,NA,NA,1,2,NA,NA,16,3,18
"302","René (ZAG)","Paraná","3,70",2,"2,30","2,30","0,34",3,NA,NA,NA,2,1,1,NA,NA,NA,NA,NA,NA,NA,NA,4,NA,3
"303","Edinho (ATA)","Atlético-MG","3,36",1,"2,30","0,00","0,00",1,NA,NA,NA,NA,1,NA,NA,NA,NA,NA,NA,NA,NA,NA,NA,NA,NA
"304","Raphael Alemão (ATA)","Paraná","3,54",4,"2,30","0,00","0,00",3,NA,NA,NA,3,2,4,NA,NA,NA,NA,NA,NA,NA,NA,4,NA,4
"305","Léo Cittadini (MEI)","Santos","8,14",11,"2,29","0,00","0,00",13,NA,1,NA,10,4,2,NA,NA,NA,NA,NA,2,NA,NA,9,1,3
"306","Rafinha (MEI)","Cruzeiro","7,28",8,"2,28","3,60","0,07",7,NA,1,NA,14,1,2,NA,NA,NA,NA,NA,NA,NA,NA,6,3,10
"307","Arnaldo (LAT)","Ceará","5,49",7,"2,26","0,00","0,00",7,NA,NA,2,8,NA,NA,NA,NA,NA,NA,NA,1,NA,NA,5,NA,14
"308","Moisés (MEI)","Palmeiras","5,56",12,"2,24","2,60","-0,72",18,1,NA,NA,14,4,3,1,NA,NA,NA,NA,4,NA,NA,17,NA,28
"309","Kelvin (ATA)","Vasco","5,45",7,"2,23","-0,60","-0,14",1,1,2,NA,4,1,NA,NA,NA,NA,NA,NA,1,NA,NA,4,NA,9
"310","Guerra (MEI)","Palmeiras","7,89",4,"2,23","0,00","0,00",2,1,NA,NA,1,1,1,NA,NA,NA,NA,NA,NA,NA,NA,5,NA,7
"311","Geuvânio (ATA)","Flamengo","4,60",5,"2,22","1,50","-0,55",7,NA,1,NA,1,1,3,NA,NA,NA,NA,NA,2,NA,NA,6,1,6
"312","Rayan (ZAG)","Paraná","3,09",10,"2,20","0,70","-0,57",16,NA,NA,1,10,3,1,NA,NA,NA,NA,NA,3,NA,NA,10,2,12
"313","Douglas (MEI)","Corinthians","3,61",8,"2,20","2,20","-0,45",12,NA,1,NA,5,5,2,NA,NA,NA,NA,NA,2,NA,NA,14,NA,11
"314","Terans (MEI)","Atlético-MG","4,24",4,"2,20","0,50","-1,44",4,NA,1,NA,4,1,1,NA,NA,NA,NA,NA,1,NA,NA,6,NA,4
"315","Michel Bastos (MEI)","Sport","4,33",10,"2,17","-0,40","-0,69",2,2,NA,NA,8,7,2,1,NA,NA,NA,NA,1,NA,NA,8,NA,21
"316","Lucas Romero (MEI)","Cruzeiro","4,69",11,"2,16","0,00","0,00",22,NA,NA,NA,10,2,2,NA,NA,NA,NA,NA,1,NA,NA,17,1,24
"317","Aylon (ATA)","América-MG","7,06",10,"2,16","0,00","0,00",7,NA,1,NA,14,9,5,1,NA,NA,NA,NA,2,NA,NA,14,5,12
"318","Ruan Renato (ZAG)","Vitória","2,07",2,"2,15","-1,50","-1,24",4,NA,NA,1,NA,NA,NA,NA,NA,NA,NA,NA,1,NA,NA,4,NA,9
"319","Neto Moura (MEI)","Sport","4,30",9,"2,14","0,00","0,00",11,NA,NA,NA,8,3,3,NA,NA,NA,NA,NA,1,NA,NA,8,NA,4
"320","Judivan  (ATA)","América-MG","2,90",8,"2,14","0,00","-0,32",3,NA,1,NA,6,4,6,NA,NA,NA,NA,NA,NA,NA,NA,9,NA,4
"321","Wagner (MEI)","Vasco","9,26",10,"2,14","1,20","-0,83",7,2,NA,NA,20,5,5,NA,NA,NA,NA,NA,6,NA,NA,13,2,19
"322","Matheus Ferraz (ZAG)","América-MG","5,79",12,"2,13","4,40","0,55",15,NA,NA,3,5,1,NA,NA,NA,NA,NA,NA,2,NA,NA,10,1,19
"323","Eduardo Sasha (ATA)","Santos","7,40",14,"2,13","0,50","-0,07",11,NA,3,NA,19,7,1,1,NA,NA,NA,NA,1,NA,NA,16,8,23
"324","Mateus Vital (MEI)","Corinthians","4,92",14,"2,13","-0,60","-0,46",6,1,1,NA,13,6,4,NA,NA,NA,NA,NA,NA,NA,NA,5,2,16
"325","Frazan (ZAG)","Fluminense","3,74",4,"2,12","0,00","0,00",3,NA,NA,1,2,NA,1,NA,NA,NA,NA,NA,NA,NA,NA,4,NA,4
"326","Zé Ivaldo (ZAG)","Atlético-PR","3,19",11,"2,12","0,00","0,00",12,NA,NA,4,6,2,1,NA,NA,NA,NA,NA,4,NA,NA,13,1,18
"327","Rodrigo Pimpão (ATA)","Botafogo","4,18",11,"2,10","0,00","0,00",12,1,NA,NA,13,4,3,NA,NA,NA,NA,NA,3,NA,NA,9,NA,19
"328","Marinho (ATA)","Grêmio","10,66",4,"2,10","4,80","0,57",2,NA,NA,NA,7,3,4,NA,NA,NA,NA,NA,1,NA,NA,3,NA,6
"329","Brenner (ATA)","Botafogo","4,76",8,"2,09","-2,00","-0,68",2,1,NA,NA,14,4,3,NA,NA,NA,NA,NA,1,NA,NA,6,2,7
"330","Paulo Roberto (MEI)","Corinthians","2,83",5,"2,08","0,00","0,00",11,NA,NA,NA,1,1,1,NA,NA,NA,NA,NA,2,NA,NA,5,NA,7
"331","Mateus Norton (MEI)","Fluminense","3,02",5,"2,08","4,30","0,36",11,NA,NA,NA,4,1,1,NA,NA,NA,NA,NA,1,NA,NA,6,NA,17
"332","Matheus Rossetto (MEI)","Atlético-PR","8,96",10,"2,06","1,70","-0,52",15,1,NA,NA,4,3,NA,NA,NA,NA,NA,NA,1,NA,NA,10,2,21
"333","Bruno Guimarães (MEI)","Atlético-PR","5,40",12,"2,05","-1,00","-0,77",16,NA,NA,NA,34,2,NA,NA,NA,NA,NA,NA,3,NA,NA,16,NA,13
"334","Robinho (ATA)","América-MG","4,13",6,"2,03","0,00","0,00",4,NA,1,NA,2,4,1,1,NA,NA,NA,NA,1,NA,NA,4,1,9
"335","Amaral (MEI)","Chapecoense","4,99",9,"2,01","6,70","1,06",17,NA,NA,NA,2,1,2,NA,NA,NA,NA,NA,1,NA,NA,14,NA,9
"336","Elias (MEI)","Atlético-MG","5,66",15,"2,01","3,40","-0,64",16,1,3,NA,11,5,1,NA,NA,NA,NA,NA,5,NA,NA,16,4,25
"337","Araruna (MEI)","São Paulo","3,10",5,"2,00","5,60","1,70",7,NA,1,NA,8,1,NA,NA,NA,NA,NA,1,NA,NA,NA,4,NA,11
"338","Caíque (ATA)","São Paulo","1,15",1,"2,00","0,00","0,00",1,NA,NA,NA,1,NA,NA,NA,NA,NA,NA,NA,NA,NA,NA,NA,NA,NA
"339","Danilo (MEI)","Corinthians","3,53",1,"2,00","0,00","0,00",1,NA,NA,NA,1,NA,NA,NA,NA,NA,NA,NA,NA,NA,NA,NA,NA,NA
"340","Marlon (LAT)","Fluminense","4,70",9,"2,00","0,00","0,00",16,NA,NA,2,4,4,1,NA,NA,NA,NA,NA,3,NA,NA,12,1,33
"341","Fábio Santos (LAT)","Atlético-MG","5,84",14,"1,99","0,00","0,00",13,1,NA,3,21,2,1,NA,NA,NA,NA,NA,4,NA,NA,16,4,33
"342","Lucas Silva (MEI)","Cruzeiro","4,69",10,"1,98","0,00","0,00",22,NA,NA,NA,12,6,NA,NA,NA,NA,NA,NA,3,NA,NA,22,NA,23
"343","José Welison (MEI)","Atlético-MG","3,72",10,"1,98","4,20","0,32",22,NA,NA,NA,10,2,NA,NA,NA,NA,NA,NA,1,NA,NA,20,NA,26
"344","André (ATA)","Grêmio","8,09",14,"1,97","0,00","0,00",9,3,NA,NA,23,10,5,NA,NA,NA,NA,NA,3,NA,NA,32,11,27
"345","Guilherme (MEI)","Atlético-PR","7,99",11,"1,96","0,00","0,00",7,2,NA,NA,15,7,2,NA,NA,NA,NA,NA,3,NA,NA,12,NA,28
"346","Wescley (MEI)","Ceará","4,23",9,"1,94","0,00","0,00",5,2,NA,NA,4,5,2,NA,NA,NA,NA,NA,1,NA,NA,13,1,18
"347","Renato (MEI)","Santos","6,97",9,"1,92","0,00","0,00",7,1,NA,NA,8,2,2,NA,NA,NA,NA,NA,1,NA,NA,4,2,14
"348","Vinícius (MEI)","Bahia","4,66",14,"1,91","-1,20","-1,97",7,2,NA,NA,7,14,8,NA,NA,NA,NA,NA,2,1,NA,10,1,35
"349","Michel  (MEI)","Grêmio","4,70",2,"1,90","0,00","0,00",3,NA,NA,NA,1,NA,NA,NA,NA,NA,NA,NA,NA,NA,NA,NA,NA,4
"350","Artur (ATA)","Palmeiras","3,38",4,"1,90","6,40","1,03",2,NA,NA,NA,7,NA,2,NA,NA,NA,NA,NA,NA,NA,NA,1,1,1
"351","Fabinho (MEI)","Ceará","3,49",7,"1,89","1,40","-0,09",11,NA,NA,NA,11,2,NA,NA,NA,NA,NA,NA,1,NA,NA,9,NA,13
"352","Léo (LAT)","Fluminense","3,96",4,"1,87","0,00","0,00",6,NA,1,NA,8,1,NA,1,NA,NA,NA,NA,3,NA,NA,11,2,6
"353","Edílson (LAT)","Cruzeiro","6,89",9,"1,85","-0,30","-1,12",12,NA,NA,3,7,4,2,NA,NA,NA,NA,NA,6,NA,NA,10,NA,28
"354","Léo Itaperuna (ATA)","Paraná","3,75",11,"1,85","0,00","0,00",6,NA,1,NA,13,6,2,NA,NA,NA,NA,NA,NA,NA,NA,10,NA,8
"355","Rossi (ATA)","Internacional","4,39",9,"1,85","0,00","0,00",7,1,1,NA,9,2,NA,1,NA,NA,NA,NA,2,1,NA,8,NA,13
"356","Henrique (LAT)","Vasco","6,14",11,"1,85","0,00","0,00",16,NA,1,2,17,2,1,NA,NA,NA,NA,1,4,NA,NA,19,1,23
"357","Arthur (ATA)","Ceará","4,59",9,"1,85","3,40","0,47",5,1,NA,NA,3,8,5,NA,NA,NA,NA,NA,2,NA,NA,11,1,9
"358","Thaciano (MEI)","Grêmio","2,18",7,"1,84","-1,10","-0,08",4,1,NA,NA,3,2,4,NA,NA,NA,NA,NA,1,NA,NA,10,1,5
"359","Léo Santos (ZAG)","Corinthians","1,74",3,"1,83","0,00","-0,83",NA,NA,NA,1,1,NA,NA,NA,NA,NA,NA,NA,NA,NA,NA,NA,NA,NA
"360","Allione (MEI)","Bahia","4,31",8,"1,82","0,00","0,00",1,1,1,NA,5,NA,2,NA,NA,NA,NA,NA,NA,NA,NA,6,NA,6
"361","Guilherme (ATA)","Chapecoense","4,88",10,"1,82","0,00","0,00",4,1,NA,NA,12,5,2,NA,NA,NA,NA,NA,NA,NA,NA,4,1,19
"362","Cícero (MEI)","Grêmio","5,49",11,"1,82","0,00","0,00",11,NA,1,NA,8,5,5,NA,NA,NA,NA,NA,3,NA,NA,10,NA,15
"363","Wanderson (ZAG)","Atlético-PR","3,73",8,"1,80","0,00","0,00",10,NA,NA,2,NA,2,NA,NA,NA,NA,NA,NA,NA,NA,NA,12,1,19
"364","Thonny Anderson (MEI)","Grêmio","3,24",6,"1,80","1,00","-0,12",2,1,NA,NA,1,1,1,NA,NA,NA,NA,NA,NA,NA,NA,3,NA,4
"365","Márcio Araújo (MEI)","Chapecoense","3,48",14,"1,79","0,00","0,00",20,NA,NA,NA,13,3,1,NA,NA,NA,NA,NA,1,NA,NA,11,NA,25
"366","Mansur (LAT)","Paraná","3,68",9,"1,77","-4,20","-1,25",8,NA,NA,3,8,3,3,1,NA,NA,NA,1,2,NA,NA,18,NA,20
"367","Yago (MEI)","Vitória","8,39",11,"1,77","1,50","-0,21",13,1,NA,NA,18,5,4,NA,NA,NA,NA,1,3,NA,NA,15,1,23
"368","Iago Maidana (ZAG)","Atlético-MG","3,22",2,"1,75","0,40","-0,45",1,NA,NA,1,NA,NA,NA,NA,NA,NA,NA,NA,NA,NA,NA,3,NA,5
"369","Saulo (GOL)","Botafogo","0,76",3,"1,73","-3,30","-1,22",NA,NA,NA,1,1,NA,NA,NA,2,NA,NA,NA,NA,NA,3,NA,NA,1
"370","Flávio (MEI)","Bahia","2,82",7,"1,73","0,00","0,00",10,NA,NA,NA,4,1,1,NA,NA,NA,NA,NA,2,NA,NA,4,NA,3
"371","Ricardinho (MEI)","Ceará","4,65",9,"1,72","0,00","0,00",12,NA,NA,NA,8,3,3,NA,NA,NA,NA,NA,NA,NA,NA,11,2,20
"372","Raphael Veiga (MEI)","Atlético-PR","5,43",12,"1,72","0,30","-2,26",2,1,2,NA,14,2,8,NA,NA,NA,NA,NA,4,NA,NA,9,NA,20
"373","Jesiel (ZAG)","Paraná","3,27",8,"1,71","0,00","0,00",11,NA,NA,1,3,1,1,NA,NA,NA,NA,NA,2,NA,NA,8,NA,11
"374","Gustavo Bochecha (MEI)","Botafogo","4,17",5,"1,70","0,00","0,00",8,NA,NA,NA,10,2,NA,NA,NA,NA,NA,NA,2,NA,NA,5,NA,12
"375","Ruy (MEI)","América-MG","5,01",9,"1,70","7,90","0,44",2,1,1,NA,10,2,NA,NA,NA,NA,NA,NA,NA,NA,NA,2,NA,21
"376","Miranda (ZAG)","Vasco","1,21",1,"1,70","0,00","0,00",1,NA,NA,NA,1,NA,NA,NA,NA,NA,NA,NA,NA,NA,NA,NA,NA,1
"377","Raul (MEI)","Vasco","1,84",1,"1,70","0,00","0,00",1,NA,NA,NA,1,NA,NA,NA,NA,NA,NA,NA,NA,NA,NA,NA,NA,1
"378","Magrão (GOL)","Sport","6,20",11,"1,68","-5,00","-1,26",NA,NA,NA,2,1,NA,NA,NA,15,1,NA,NA,3,NA,18,1,NA,5
"379","Marcos Vinícius (MEI)","Botafogo","3,80",4,"1,67","0,00","0,00",3,NA,NA,NA,5,3,NA,1,NA,NA,NA,NA,1,NA,NA,2,NA,9
"380","Patric (LAT)","Atlético-MG","4,14",12,"1,66","-4,20","-1,58",19,NA,1,2,3,2,1,NA,NA,NA,NA,NA,1,NA,NA,25,3,40
"381","Carlos (ATA)","Paraná","5,05",13,"1,66","-0,10","-0,43",9,1,NA,NA,16,8,6,NA,NA,NA,NA,NA,3,NA,NA,14,11,10
"382","Lucas Veríssimo (ZAG)","Santos","7,17",10,"1,65","0,00","0,00",13,NA,NA,1,8,1,2,NA,NA,NA,NA,1,2,NA,NA,6,1,9
"383","Pedrinho (MEI)","Corinthians","3,70",13,"1,64","5,30","0,55",8,NA,1,NA,22,10,6,NA,NA,NA,NA,NA,1,NA,NA,13,2,41
"384","Jhonny Lucas (MEI)","Paraná","3,89",9,"1,64","0,00","0,00",15,1,NA,NA,10,4,3,NA,NA,NA,NA,NA,5,NA,NA,25,NA,17
"385","Marlos (ATA)","Flamengo","4,81",9,"1,64","7,50","1,03",6,NA,1,NA,10,2,3,NA,NA,NA,NA,NA,1,NA,NA,10,3,3
"386","Caíque (GOL)","Vitória","3,50",5,"1,62","0,00","0,00",NA,NA,NA,NA,1,NA,NA,NA,8,1,NA,NA,1,NA,10,1,NA,3
"387","Camacho (MEI)","Atlético-PR","4,49",12,"1,61","0,00","0,00",24,NA,NA,NA,8,3,2,NA,NA,NA,NA,1,1,NA,NA,19,NA,30
"388","Nickson (MEI)","Vitória","2,08",2,"1,60","0,00","0,00",2,NA,NA,NA,1,NA,NA,NA,NA,NA,NA,NA,NA,NA,NA,NA,NA,1
"389","Everaldo  (ATA)","Fluminense","2,56",3,"1,60","3,20","0,64",3,NA,NA,NA,3,1,NA,NA,NA,NA,NA,NA,NA,NA,NA,1,NA,5
"390","Romário  (LAT)","Ceará","2,95",8,"1,58","0,00","0,00",12,NA,NA,1,6,NA,1,NA,NA,NA,NA,NA,1,NA,NA,9,3,22
"391","Guilherme Biteco (MEI)","Paraná","4,68",4,"1,57","0,00","0,00",2,1,NA,NA,1,NA,NA,NA,NA,NA,NA,NA,2,NA,NA,NA,NA,4
"392","Luan (MEI)","Vitória","1,50",4,"1,57","0,00","0,00",3,NA,NA,NA,8,3,NA,NA,NA,NA,NA,NA,1,NA,NA,4,NA,2
"393","Marco Antônio (MEI)","Bahia","2,32",4,"1,55","4,60","0,89",4,NA,NA,NA,9,1,NA,NA,NA,NA,NA,NA,1,NA,NA,1,1,7
"394","Wellington (MEI)","Atlético-PR","3,54",5,"1,54","7,50","1,28",2,1,NA,NA,1,2,2,NA,NA,NA,NA,NA,2,NA,NA,4,NA,6
"395","André Lima (ATA)","Vitória","4,95",11,"1,51","2,60","0,24",5,2,NA,NA,18,3,6,NA,NA,NA,NA,NA,3,NA,NA,24,4,18
"396","Samuel Xavier (LAT)","Ceará","4,03",7,"1,50","3,20","0,59",5,NA,1,1,14,1,NA,1,NA,NA,NA,NA,3,NA,NA,13,1,16
"397","Júnior (ATA)","Vitória","2,55",1,"1,50","0,00","0,00",1,NA,NA,NA,NA,NA,NA,NA,NA,NA,NA,NA,NA,NA,NA,NA,NA,NA
"398","Marquinhos (ATA)","América-MG","5,43",10,"1,49","-2,60","-0,51",5,1,1,NA,7,1,3,NA,NA,NA,NA,NA,1,NA,NA,6,1,27
"399","Jori (GOL)","América-MG","8,80",9,"1,48","0,00","0,00",NA,NA,NA,2,1,NA,NA,NA,10,NA,NA,NA,NA,NA,12,1,NA,9
"400","Ezequiel  (LAT)","Cruzeiro","3,09",3,"1,47","0,00","0,00",5,NA,NA,1,4,NA,NA,NA,NA,NA,NA,NA,2,NA,NA,5,NA,12
"401","Bruno Henrique (ATA)","Santos","9,28",10,"1,47","0,70","-0,10",9,1,NA,NA,12,12,NA,NA,NA,NA,1,NA,2,NA,NA,16,3,13
"402","Jailson (MEI)","Grêmio","4,09",10,"1,47","1,60","0,05",14,NA,NA,NA,6,NA,1,NA,NA,NA,NA,NA,1,NA,NA,8,NA,15
"403","Ernando (ZAG)","Sport","3,97",12,"1,45","0,00","0,00",8,NA,NA,3,4,NA,NA,NA,NA,NA,NA,NA,3,NA,NA,8,NA,5
"404","Willian Arão (MEI)","Flamengo","3,66",5,"1,44","0,00","0,00",6,NA,1,NA,NA,1,NA,NA,NA,NA,NA,NA,1,NA,NA,6,1,7
"405","Henrique Dourado (ATA)","Flamengo","10,34",13,"1,44","0,00","0,00",2,3,NA,NA,16,6,1,NA,NA,NA,NA,1,2,NA,NA,17,4,9
"406","Alex Santana (MEI)","Paraná","2,60",8,"1,44","0,00","-0,35",4,NA,NA,NA,7,3,3,NA,NA,NA,NA,NA,1,NA,NA,4,NA,NA
"407","Luiz Antonio  (MEI)","Chapecoense","5,14",5,"1,42","0,00","0,00",3,NA,NA,NA,5,5,1,NA,NA,NA,NA,NA,NA,NA,NA,3,NA,12
"408","Nadson (MEI)","Paraná","2,19",6,"1,40","0,00","0,00",6,NA,NA,NA,12,1,3,NA,NA,NA,NA,NA,1,NA,NA,5,1,20
"409","Patrick (ZAG)","Ceará","1,80",1,"1,40","0,00","0,00",2,NA,NA,NA,NA,NA,NA,NA,NA,NA,NA,NA,NA,NA,NA,2,NA,2
"410","Calyson (MEI)","Ceará","2,10",2,"1,40","2,30","0,39",1,NA,NA,NA,1,1,NA,NA,NA,NA,NA,NA,NA,NA,NA,NA,NA,NA
"411","Gabriel Dias (MEI)","Internacional","3,57",6,"1,40","0,00","0,00",5,NA,NA,NA,7,1,NA,NA,NA,NA,NA,NA,NA,NA,NA,5,NA,3
"412","Thiago Neves (MEI)","Cruzeiro","8,82",11,"1,38","0,00","0,00",6,NA,NA,NA,10,6,12,NA,NA,NA,NA,NA,1,NA,NA,5,6,35
"413","Lima (MEI)","Grêmio","2,34",9,"1,37","0,00","0,00",5,NA,NA,NA,6,4,3,NA,NA,NA,NA,NA,NA,NA,NA,6,1,5
"414","Luiz Otávio  (ZAG)","Chapecoense","4,05",3,"1,37","0,00","0,00",2,NA,NA,1,NA,1,NA,NA,NA,NA,NA,NA,1,NA,NA,3,NA,4
"415","Manoel (ZAG)","Cruzeiro","4,05",3,"1,37","0,00","0,00",1,NA,NA,1,2,NA,NA,NA,NA,NA,NA,NA,NA,NA,NA,4,1,3
"416","Luidy (ATA)","Ceará","3,24",2,"1,35","0,00","0,00",1,NA,NA,NA,NA,NA,1,NA,NA,NA,NA,NA,NA,NA,NA,NA,NA,NA
"417","Shaylon (MEI)","São Paulo","2,94",3,"1,30","0,50","0,02",NA,1,NA,NA,1,NA,NA,NA,NA,NA,NA,NA,1,NA,NA,3,1,2
"418","Vinicius (ATA)","Chapecoense","3,39",4,"1,27","0,00","0,00",1,NA,NA,NA,3,4,1,NA,NA,NA,NA,NA,NA,NA,NA,1,NA,6
"419","Andrigo (MEI)","Sport","4,51",5,"1,26","0,00","0,00",3,NA,NA,NA,2,2,4,NA,NA,NA,NA,NA,NA,NA,NA,3,1,12
"420","Edu Dracena (ZAG)","Palmeiras","5,06",12,"1,25","0,00","0,00",10,NA,NA,2,12,1,1,1,NA,NA,1,1,2,NA,NA,7,3,7
"421","Júnior Dutra (ATA)","Fluminense","4,59",8,"1,25","1,50","-0,48",7,NA,1,NA,8,1,NA,NA,NA,NA,NA,NA,1,NA,NA,10,NA,11
"422","Kanu (ZAG)","Vitória","2,57",13,"1,24","-0,60","-0,42",15,NA,NA,3,4,4,2,NA,NA,NA,NA,NA,7,NA,NA,21,3,10
"423","Bruno Roberto (MEI)","Atlético-MG","0,91",3,"1,23","0,00","-0,41",1,NA,NA,NA,1,1,1,NA,NA,NA,NA,NA,NA,NA,NA,NA,NA,1
"424","Ricardo (ZAG)","Vasco","3,75",8,"1,21","1,00","-1,27",11,NA,NA,2,6,NA,NA,NA,NA,NA,NA,NA,5,NA,NA,11,2,11
"425","Max (ZAG)","Sport","1,78",1,"1,20","0,00","0,00",1,NA,NA,NA,NA,NA,NA,NA,NA,NA,NA,NA,NA,NA,NA,NA,NA,1
"426","Yuri Alberto (ATA)","Santos","2,50",5,"1,20","2,40","-0,04",1,NA,NA,NA,2,3,3,NA,NA,NA,NA,NA,1,NA,NA,1,NA,NA
"427","Yann Rolim (MEI)","Chapecoense","1,85",1,"1,20","1,20","-0,15",NA,NA,NA,NA,NA,3,NA,NA,NA,NA,NA,NA,NA,NA,NA,NA,NA,4
"428","Roger (ATA)","Corinthians","4,68",10,"1,19","0,00","0,00",2,2,NA,NA,8,8,NA,NA,NA,NA,NA,NA,1,NA,NA,18,7,10
"429","Júnior Brumado (ATA)","Bahia","3,41",8,"1,19","0,00","0,00",4,1,NA,NA,7,6,1,NA,NA,NA,NA,NA,2,NA,NA,12,5,5
"430","Joel Carli (ZAG)","Botafogo","3,79",13,"1,14","-0,10","-0,83",15,NA,NA,2,10,5,1,NA,NA,NA,NA,NA,4,NA,NA,22,1,28
"431","Fernando Miguel (GOL)","Vasco","6,38",6,"1,12","0,00","0,00",NA,NA,NA,1,NA,NA,NA,NA,8,NA,NA,NA,NA,NA,11,NA,NA,1
"432","David (MEI)","América-MG","2,49",1,"1,10","1,10","-0,51",2,NA,NA,NA,NA,NA,NA,NA,NA,NA,NA,NA,NA,NA,NA,2,NA,3
"433","Matheus Galdezani (MEI)","Atlético-MG","4,26",7,"1,06","8,80","1,90",5,1,NA,NA,4,3,1,NA,NA,NA,NA,1,1,NA,NA,7,1,9
"434","Weverton (GOL)","Palmeiras","7,48",5,"1,04","5,00","1,09",NA,NA,NA,2,1,NA,NA,NA,1,NA,NA,NA,NA,NA,4,NA,NA,1
"435","Juan Alano (MEI)","Internacional","1,83",5,"1,02","0,00","0,00",4,NA,NA,NA,NA,2,1,NA,NA,NA,NA,NA,NA,NA,NA,5,NA,4
"436","Luciano (ATA)","Fluminense","4,84",1,"1,00","1,00","-1,16",NA,NA,NA,NA,2,1,NA,NA,NA,NA,NA,NA,NA,NA,NA,1,NA,1
"437","Guilherme Guedes (LAT)","Grêmio","0,95",1,"1,00","1,00","-0,05",1,NA,NA,NA,NA,NA,NA,NA,NA,NA,NA,NA,NA,NA,NA,1,NA,NA
"438","Tréllez (ATA)","São Paulo","5,07",7,"1,00","0,00","0,00",NA,1,NA,NA,2,NA,NA,1,NA,NA,NA,NA,NA,NA,NA,7,NA,5
"439","Evander (MEI)","Vasco","4,57",7,"1,00","-1,80","-0,73",4,NA,NA,NA,3,6,2,NA,NA,NA,NA,NA,1,NA,NA,3,NA,14
"440","Elias (GOL)","Vitória","3,21",8,"0,98","0,00","0,00",NA,NA,NA,2,3,NA,NA,NA,8,1,NA,NA,NA,NA,17,NA,NA,2
"441","Brenner (ATA)","São Paulo","2,24",3,"0,97","0,00","0,00",1,NA,NA,NA,2,2,1,NA,NA,NA,NA,NA,NA,NA,NA,1,2,3
"442","Bruno Nazário (MEI)","Atlético-PR","2,72",2,"0,95","0,00","0,00",1,NA,NA,NA,2,NA,NA,NA,NA,NA,NA,NA,NA,NA,NA,NA,NA,2
"443","Copete (ATA)","Santos","5,77",7,"0,94","0,00","0,00",5,NA,NA,NA,4,NA,NA,NA,NA,NA,NA,NA,NA,NA,NA,4,NA,3
"444","Zé Ricardo (MEI)","América-MG","1,10",5,"0,94","-0,50","-0,34",3,NA,NA,NA,2,2,NA,NA,NA,NA,NA,NA,NA,NA,NA,3,NA,3
"445","Eder Luis (ATA)","Ceará","3,67",8,"0,93","0,00","0,00",4,NA,NA,NA,10,2,2,NA,NA,NA,NA,NA,NA,NA,NA,6,5,7
"446","Kayke (ATA)","Bahia","4,57",3,"0,93","0,00","0,00",2,NA,NA,NA,NA,2,4,NA,NA,NA,NA,NA,1,NA,NA,6,2,2
"447","Matheus Alessandro (ATA)","Fluminense","2,89",9,"0,93","0,70","0,00",5,NA,NA,NA,13,3,1,NA,NA,NA,NA,NA,3,NA,NA,4,NA,4
"448","Charles (ZAG)","Paraná","4,79",1,"0,90","0,00","0,00",1,NA,NA,NA,3,NA,NA,NA,NA,NA,NA,NA,NA,NA,NA,3,NA,2
"449","Renan Lodi (LAT)","Atlético-PR","2,57",7,"0,89","5,90","1,39",5,NA,NA,1,8,5,3,NA,NA,NA,1,1,1,NA,NA,6,1,8
"450","Douglas Friedrich (GOL)","Bahia","3,40",10,"0,87","0,00","0,00",NA,NA,NA,3,2,NA,NA,NA,9,1,1,NA,2,NA,15,1,NA,6
"451","Rafael Galhardo (LAT)","Vasco","2,76",6,"0,85","0,00","0,00",5,NA,NA,NA,7,4,2,NA,NA,NA,NA,NA,1,NA,NA,6,1,20
"452","Luiz Fernando  (MEI)","Botafogo","3,20",12,"0,85","-0,10","0,27",6,NA,NA,NA,14,7,2,NA,NA,NA,NA,NA,3,NA,NA,5,4,11
"453","Iacovelli (ATA)","Paraná","2,48",2,"0,85","0,50","-0,38",1,NA,NA,NA,2,NA,NA,NA,NA,NA,NA,NA,NA,NA,NA,1,NA,1
"454","Sassá (ATA)","Cruzeiro","2,31",10,"0,83","0,00","0,00",4,1,NA,NA,17,6,1,NA,NA,NA,NA,NA,3,NA,NA,19,7,4
"455","Deivid (MEI)","Sport","2,32",10,"0,83","1,20","0,49",13,NA,NA,NA,16,NA,1,NA,NA,NA,NA,NA,4,NA,NA,17,NA,13
"456","Carlos Henrique (ATA)","Sport","2,65",12,"0,82","0,50","0,08",1,1,NA,NA,11,1,3,NA,NA,NA,NA,NA,1,NA,NA,4,5,10
"457","Giovanni Augusto (MEI)","Vasco","5,68",8,"0,82","0,00","0,00",7,NA,1,NA,8,4,1,NA,NA,NA,NA,NA,1,1,NA,7,NA,26
"458","Carlos Eduardo (MEI)","Paraná","3,84",8,"0,81","0,00","0,00",4,NA,NA,NA,10,5,NA,NA,NA,NA,NA,NA,1,NA,NA,4,NA,15
"459","Klaus (ZAG)","Internacional","2,49",3,"0,80","0,00","0,00",2,NA,NA,NA,NA,2,NA,NA,NA,NA,NA,NA,NA,NA,NA,1,1,4
"460","Lucas Santos (MEI)","Vasco","0,81",2,"0,75","-0,50","-0,37",1,NA,NA,NA,NA,1,NA,NA,NA,NA,NA,NA,NA,NA,NA,1,NA,1
"461","Bill (ATA)","Atlético-PR","1,43",3,"0,73","0,00","0,00",1,NA,NA,NA,1,NA,1,NA,NA,NA,NA,NA,NA,NA,NA,2,NA,NA
"462","Ariel Cabral (MEI)","Cruzeiro","3,47",6,"0,73","-3,10","-0,75",10,NA,NA,NA,4,1,NA,NA,NA,NA,NA,NA,4,NA,NA,6,NA,8
"463","Guilherme Costa (MEI)","Vitória","2,27",6,"0,72","0,00","0,00",3,NA,NA,NA,10,1,1,NA,NA,NA,NA,NA,1,NA,NA,8,NA,4
"464","Bryan (LAT)","Vitória","4,81",3,"0,70","-2,70","-0,56",1,NA,1,1,8,1,NA,NA,NA,NA,NA,1,1,NA,NA,6,NA,14
"465","Lucas Marques (MEI)","Vitória","2,83",4,"0,70","0,00","0,00",7,NA,NA,NA,2,2,NA,NA,NA,NA,NA,NA,1,NA,NA,10,NA,11
"466","Felipe Melo (MEI)","Palmeiras","2,67",12,"0,67","0,00","0,00",23,NA,NA,NA,7,4,1,NA,NA,NA,NA,NA,8,NA,NA,22,1,23
"467","Martín Silva (GOL)","Vasco","4,99",8,"0,67","-8,30","-3,06",NA,NA,NA,1,NA,NA,NA,NA,9,NA,NA,NA,1,NA,12,NA,NA,2
"468","Arthur Gomes (ATA)","Santos","2,55",6,"0,65","-0,50","0,19",1,NA,1,NA,2,NA,NA,NA,NA,NA,NA,NA,1,NA,NA,2,NA,2
"469","Júnior Santos (ATA)","Chapecoense","0,88",2,"0,65","0,00","0,00",NA,NA,NA,NA,2,1,NA,NA,NA,NA,NA,NA,NA,NA,NA,1,NA,NA
"470","Juninho (ZAG)","Atlético-MG","4,07",4,"0,65","-1,40","-0,87",4,NA,NA,NA,3,NA,NA,NA,NA,NA,NA,NA,NA,NA,NA,5,NA,8
"471","Crysan (ATA)","Atlético-PR","3,21",1,"0,60","0,60","-0,79",1,NA,NA,NA,NA,NA,NA,NA,NA,NA,NA,NA,NA,NA,NA,NA,NA,3
"472","Felipe Alves (GOL)","Atlético-PR","1,80",2,"0,55","4,40","1,02",NA,NA,NA,1,NA,NA,NA,NA,1,NA,NA,NA,NA,NA,3,NA,NA,3
"473","Vecchio (MEI)","Santos","4,54",2,"0,55","0,00","0,00",2,NA,NA,NA,NA,NA,NA,NA,NA,NA,NA,NA,NA,NA,NA,2,NA,3
"474","Hygor (ATA)","Sport","1,05",4,"0,52","0,00","0,00",NA,NA,NA,NA,6,1,1,NA,NA,NA,NA,NA,NA,NA,NA,3,1,3
"475","Lucho González (MEI)","Atlético-PR","3,72",11,"0,50","0,00","0,00",16,NA,NA,NA,3,2,1,NA,NA,NA,NA,1,2,NA,NA,11,1,26
"476","Geovane Itinga (ATA)","Bahia","1,60",1,"0,50","0,00","0,00",NA,NA,NA,NA,NA,1,NA,NA,NA,NA,NA,NA,NA,NA,NA,NA,NA,1
"477","Vitinho (LAT)","Cruzeiro","0,95",1,"0,50","0,00","0,00",NA,NA,NA,NA,1,NA,NA,NA,NA,NA,NA,NA,NA,NA,NA,NA,NA,NA
"478","Ferreira (MEI)","Sport","2,69",3,"0,47","0,00","-0,58",3,NA,NA,NA,NA,NA,NA,NA,NA,NA,NA,NA,1,NA,NA,1,NA,2
"479","Maicosuel (MEI)","Paraná","2,92",3,"0,47","0,00","0,00",NA,NA,NA,NA,2,NA,1,NA,NA,NA,NA,NA,NA,NA,NA,1,NA,1
"480","Mayke (LAT)","Palmeiras","5,27",4,"0,45","4,40","0,85",4,NA,NA,1,NA,NA,NA,NA,NA,NA,NA,NA,2,NA,NA,8,NA,4
"481","Alerrandro (ATA)","Atlético-MG","0,95",4,"0,45","0,00","0,00",1,NA,NA,NA,1,2,NA,NA,NA,NA,NA,NA,NA,NA,NA,3,NA,1
"482","Dodi (MEI)","Fluminense","2,29",5,"0,44","0,00","0,00",6,NA,NA,NA,5,NA,NA,NA,NA,NA,NA,NA,3,NA,NA,6,NA,1
"483","Gerson Magrão (MEI)","América-MG","2,50",9,"0,42","1,40","0,16",7,NA,NA,NA,3,2,2,NA,NA,NA,NA,NA,2,NA,NA,8,NA,14
"484","Lucas Fernandes (MEI)","São Paulo","3,63",6,"0,42","0,00","0,00",4,NA,NA,NA,4,4,2,NA,NA,NA,NA,1,NA,NA,NA,8,NA,7
"485","Vitor Bueno (MEI)","Santos","4,46",5,"0,40","0,00","0,00",2,NA,NA,NA,2,2,NA,NA,NA,NA,NA,NA,NA,NA,NA,3,NA,7
"486","Rodrigo Andrade (MEI)","Vitória","1,12",7,"0,36","0,00","0,00",8,NA,NA,NA,5,1,1,NA,NA,NA,NA,NA,3,NA,NA,10,NA,10
"487","Paulo Victor (GOL)","Grêmio","5,35",2,"0,35","-1,00","-1,57",NA,NA,NA,NA,NA,NA,NA,NA,3,NA,NA,NA,1,NA,3,NA,NA,1
"488","Fernandinho (ATA)","Bahia","1,56",2,"0,35","0,00","0,00",NA,NA,NA,NA,2,NA,NA,NA,NA,NA,NA,NA,NA,NA,NA,NA,NA,1
"489","Deyverson (ATA)","Palmeiras","1,91",8,"0,35","0,00","0,00",1,NA,1,NA,1,NA,1,NA,NA,NA,NA,NA,2,NA,NA,1,NA,3
"490","Fillipe Soutto (MEI)","Vitória","3,45",3,"0,27","0,00","0,00",3,NA,NA,NA,3,NA,2,NA,NA,NA,NA,NA,1,NA,NA,7,NA,7
"491","Ramiro (MEI)","Grêmio","3,94",10,"0,27","0,00","0,00",11,NA,NA,NA,16,5,1,NA,NA,NA,NA,NA,6,NA,NA,15,2,22
"492","Alan Ruschel (MEI)","Chapecoense","3,37",2,"0,25","0,50","-0,33",NA,NA,NA,NA,1,NA,NA,NA,NA,NA,NA,NA,NA,NA,NA,NA,NA,NA
"493","Richard (GOL)","Paraná","4,18",2,"0,25","0,00","0,00",NA,NA,NA,NA,1,NA,NA,NA,2,NA,NA,NA,NA,NA,3,NA,NA,NA
"494","Leandro Donizete (MEI)","América-MG","1,37",10,"0,21","0,00","0,00",12,NA,NA,NA,10,3,2,NA,NA,NA,NA,1,3,NA,NA,14,NA,26
"495","Zezinho (MEI)","Paraná","4,47",1,"0,20","0,00","0,00",NA,NA,NA,NA,1,NA,NA,NA,NA,NA,NA,NA,NA,NA,NA,NA,NA,1
"496","Bergson (ATA)","Atlético-PR","3,22",8,"0,18","0,00","0,00",1,NA,NA,NA,11,4,3,NA,NA,NA,NA,NA,3,NA,NA,7,2,6
"497","Marquinhos Gabriel (MEI)","Corinthians","2,70",11,"0,18","0,00","0,00",3,NA,NA,NA,9,4,NA,NA,NA,NA,NA,NA,1,NA,NA,8,NA,14
"498","Mancuello (MEI)","Cruzeiro","2,16",9,"0,17","-1,90","-0,51",5,NA,NA,NA,3,2,4,NA,NA,NA,NA,1,NA,NA,NA,10,NA,13
"499","João Pedro (MEI)","Botafogo","1,92",5,"0,16","0,00","0,00",2,NA,NA,NA,3,NA,1,NA,NA,NA,NA,NA,NA,NA,NA,3,2,8
"500","João Carlos (ATA)","Fluminense","0,75",6,"0,15","0,00","0,00",1,NA,NA,NA,7,2,2,NA,NA,NA,NA,NA,1,NA,NA,11,NA,2
"501","Nenén (MEI)","Chapecoense","2,08",2,"0,10","0,00","0,00",NA,NA,NA,NA,2,NA,NA,NA,NA,NA,NA,NA,NA,NA,NA,1,NA,1
"502","Rildo (ATA)","Vasco","2,99",2,"0,10","0,00","0,00",NA,NA,NA,NA,8,2,NA,NA,NA,NA,NA,NA,1,NA,NA,1,1,8
"503","Brenner (ATA)","Internacional","0,76",5,"0,10","0,00","0,00",1,NA,NA,NA,4,1,1,NA,NA,NA,NA,NA,2,NA,NA,2,NA,NA
"504","Lincoln (ATA)","Flamengo","2,09",3,"0,07","0,00","0,00",NA,NA,NA,NA,NA,NA,1,NA,NA,NA,NA,NA,NA,NA,NA,2,NA,NA
"505","Juninho Capixaba (LAT)","Grêmio","4,56",2,"0,05","0,00","0,00",3,NA,NA,NA,NA,NA,NA,NA,NA,NA,NA,NA,1,NA,NA,3,NA,3
"506","Marcelo Mattos (MEI)","Vasco","2,00",0,"0,00","0,00","0,00",NA,NA,NA,NA,NA,NA,NA,NA,NA,NA,NA,NA,NA,NA,NA,NA,NA,NA
"507","Nilton (MEI)","Bahia","7,00",0,"0,00","0,00","0,00",NA,NA,NA,NA,NA,NA,NA,NA,NA,NA,NA,NA,NA,NA,NA,NA,NA,NA
"508","Fernando Leal (GOL)","América-MG","3,00",0,"0,00","0,00","0,00",NA,NA,NA,NA,NA,NA,NA,NA,NA,NA,NA,NA,NA,NA,NA,NA,NA,NA
"509","Lima (ZAG)","América-MG","5,00",0,"0,00","0,00","0,00",NA,NA,NA,NA,NA,NA,NA,NA,NA,NA,NA,NA,NA,NA,NA,NA,NA,NA
"510","Fabrício (LAT)","Vasco","3,47",2,"0,00","0,00","0,00",2,NA,NA,NA,3,NA,NA,NA,NA,NA,NA,NA,1,NA,NA,2,NA,5
"511","Cuca (TEC)","Santos","10,28",0,"0,00","0,00","0,00",NA,NA,NA,NA,NA,NA,NA,NA,NA,NA,NA,NA,NA,NA,NA,NA,NA,NA
"512","Márcio Azevedo (LAT)","Atlético-PR","6,00",0,"0,00","0,00","0,00",NA,NA,NA,NA,NA,NA,NA,NA,NA,NA,NA,NA,NA,NA,NA,NA,NA,NA
"513","Vilson (ZAG)","Corinthians","4,00",0,"0,00","0,00","0,00",NA,NA,NA,NA,NA,NA,NA,NA,NA,NA,NA,NA,NA,NA,NA,NA,NA,NA
"514","Pedro Ken (MEI)","Ceará","5,00",0,"0,00","0,00","0,00",NA,NA,NA,NA,NA,NA,NA,NA,NA,NA,NA,NA,NA,NA,NA,NA,NA,NA
"515","Jackson Caucaia (MEI)","Ceará","2,00",0,"0,00","0,00","0,00",NA,NA,NA,NA,NA,NA,NA,NA,NA,NA,NA,NA,NA,NA,NA,NA,NA,NA
"516","Vladimir (GOL)","Santos","6,00",0,"0,00","0,00","0,00",NA,NA,NA,NA,NA,NA,NA,NA,NA,NA,NA,NA,NA,NA,NA,NA,NA,NA
"517","Marllon (ZAG)","Corinthians","7,00",0,"0,00","0,00","0,00",NA,NA,NA,NA,NA,NA,NA,NA,NA,NA,NA,NA,NA,NA,NA,NA,NA,NA
"518","Seijas (MEI)","Internacional","2,00",0,"0,00","0,00","0,00",NA,NA,NA,NA,NA,NA,NA,NA,NA,NA,NA,NA,NA,NA,NA,NA,NA,NA
"519","Jackson (ZAG)","Bahia","4,00",0,"0,00","0,00","0,00",NA,NA,NA,NA,NA,NA,NA,NA,NA,NA,NA,NA,NA,NA,NA,NA,NA,NA
"520","Bryan Ruíz (MEI)","Santos","15,00",0,"0,00","0,00","0,00",NA,NA,NA,NA,NA,NA,NA,NA,NA,NA,NA,NA,NA,NA,NA,NA,NA,NA
"521","Gabriel (ZAG)","Grêmio","1,00",0,"0,00","0,00","0,00",NA,NA,NA,NA,NA,NA,NA,NA,NA,NA,NA,NA,NA,NA,NA,NA,NA,NA
"522","Bruno Grassi (GOL)","Grêmio","4,00",0,"0,00","0,00","0,00",NA,NA,NA,NA,NA,NA,NA,NA,NA,NA,NA,NA,NA,NA,NA,NA,NA,NA
"523","Rodolfo (GOL)","Fluminense","3,00",0,"0,00","0,00","0,00",NA,NA,NA,NA,NA,NA,NA,NA,NA,NA,NA,NA,NA,NA,NA,NA,NA,NA
"524","Lenon (LAT)","Vasco","3,00",0,"0,00","0,00","0,00",NA,NA,NA,NA,NA,NA,NA,NA,NA,NA,NA,NA,NA,NA,NA,NA,NA,NA
"525","João Paulo (MEI)","Botafogo","10,00",0,"0,00","0,00","0,00",NA,NA,NA,NA,NA,NA,NA,NA,NA,NA,NA,NA,NA,NA,NA,NA,NA,NA
"526","Juninho (LAT)","Vitória","3,44",1,"0,00","0,00","0,00",NA,NA,NA,NA,NA,NA,NA,NA,NA,NA,NA,NA,NA,NA,NA,NA,NA,NA
"527","Índio (ATA)","Sport","2,00",0,"0,00","0,00","0,00",NA,NA,NA,NA,NA,NA,NA,NA,NA,NA,NA,NA,NA,NA,NA,NA,NA,NA
"528","Cabezas (ATA)","Fluminense","7,00",0,"0,00","0,00","0,00",NA,NA,NA,NA,NA,NA,NA,NA,NA,NA,NA,NA,NA,NA,NA,NA,NA,NA
"529","Luís Fernando (MEI)","Bahia","1,00",0,"0,00","0,00","0,00",NA,NA,NA,NA,NA,NA,NA,NA,NA,NA,NA,NA,NA,NA,NA,NA,NA,NA
"530","Deijair  (GOL)","Bahia","1,00",0,"0,00","0,00","0,00",NA,NA,NA,NA,NA,NA,NA,NA,NA,NA,NA,NA,NA,NA,NA,NA,NA,NA
"531","Yago (ATA)","Atlético-PR","2,00",0,"0,00","0,00","0,00",NA,NA,NA,NA,NA,NA,NA,NA,NA,NA,NA,NA,NA,NA,NA,NA,NA,NA
"532","Felipinho (MEI)","Bahia","2,00",0,"0,00","0,00","0,00",NA,NA,NA,NA,NA,NA,NA,NA,NA,NA,NA,NA,NA,NA,NA,NA,NA,NA
"533","Bruno Xavier (ATA)","Corinthians","2,00",0,"0,00","0,00","0,00",NA,NA,NA,NA,NA,NA,NA,NA,NA,NA,NA,NA,NA,NA,NA,NA,NA,NA
"534","Luquinhas (MEI)","Fluminense","1,00",0,"0,00","0,00","0,00",NA,NA,NA,NA,NA,NA,NA,NA,NA,NA,NA,NA,NA,NA,NA,NA,NA,NA
"535","Jhony (MEI)","Paraná","3,00",0,"0,00","0,00","0,00",NA,NA,NA,NA,NA,NA,NA,NA,NA,NA,NA,NA,NA,NA,NA,NA,NA,NA
"536","Vico (ATA)","Grêmio","1,00",0,"0,00","0,00","0,00",NA,NA,NA,NA,NA,NA,NA,NA,NA,NA,NA,NA,NA,NA,NA,NA,NA,NA
"537","Vitinho (MEI)","Palmeiras","3,00",0,"0,00","0,00","0,00",NA,NA,NA,NA,NA,NA,NA,NA,NA,NA,NA,NA,NA,NA,NA,NA,NA,NA
"538","Felipe (GOL)","Bahia","1,00",0,"0,00","0,00","0,00",NA,NA,NA,NA,NA,NA,NA,NA,NA,NA,NA,NA,NA,NA,NA,NA,NA,NA
"539","Hugo Borges (ATA)","Vasco","2,00",0,"0,00","0,00","0,00",NA,NA,NA,NA,NA,NA,NA,NA,NA,NA,NA,NA,NA,NA,NA,NA,NA,NA
"540","Charles (MEI)","Internacional","5,00",0,"0,00","0,00","0,00",NA,NA,NA,NA,NA,NA,NA,NA,NA,NA,NA,NA,NA,NA,NA,NA,NA,NA
"541","Caprini (ATA)","Atlético-PR","2,00",0,"0,00","0,00","0,00",NA,NA,NA,NA,NA,NA,NA,NA,NA,NA,NA,NA,NA,NA,NA,NA,NA,NA
"542","Pablo Pardal (MEI)","Sport","2,00",0,"0,00","0,00","0,00",NA,NA,NA,NA,NA,NA,NA,NA,NA,NA,NA,NA,NA,NA,NA,NA,NA,NA
"543","Cassiano (GOL)","Bahia","1,00",0,"0,00","0,00","0,00",NA,NA,NA,NA,NA,NA,NA,NA,NA,NA,NA,NA,NA,NA,NA,NA,NA,NA
"544","Gabriel Pires (MEI)","Paraná","4,00",0,"0,00","0,00","0,00",NA,NA,NA,NA,NA,NA,NA,NA,NA,NA,NA,NA,NA,NA,NA,NA,NA,NA
"545","Rodrigo Figueiredo (MEI)","Corinthians","2,00",0,"0,00","0,00","0,00",NA,NA,NA,NA,NA,NA,NA,NA,NA,NA,NA,NA,NA,NA,NA,NA,NA,NA
"546","Vitinho (ATA)","Flamengo","15,00",0,"0,00","0,00","0,00",NA,NA,NA,NA,NA,NA,NA,NA,NA,NA,NA,NA,NA,NA,NA,NA,NA,NA
"547","Alex Amado (ATA)","Ceará","4,00",0,"0,00","0,00","0,00",NA,NA,NA,NA,NA,NA,NA,NA,NA,NA,NA,NA,NA,NA,NA,NA,NA,NA
"548","Dudu (LAT)","Internacional","4,00",0,"0,00","0,00","0,00",NA,NA,NA,NA,NA,NA,NA,NA,NA,NA,NA,NA,NA,NA,NA,NA,NA,NA
"549","Gabriel Furtado (MEI)","Palmeiras","2,00",0,"0,00","0,00","0,00",NA,NA,NA,NA,NA,NA,NA,NA,NA,NA,NA,NA,NA,NA,NA,NA,NA,NA
"550","Gabriel Batista (GOL)","Flamengo","3,00",0,"0,00","0,00","0,00",NA,NA,NA,NA,NA,NA,NA,NA,NA,NA,NA,NA,NA,NA,NA,NA,NA,NA
"551","Felipinho (LAT)","América-MG","1,00",0,"0,00","0,00","0,00",NA,NA,NA,NA,NA,NA,NA,NA,NA,NA,NA,NA,NA,NA,NA,NA,NA,NA
"552","Marcos Calazans (ATA)","Fluminense","3,00",0,"0,00","0,00","0,00",NA,NA,NA,NA,NA,NA,NA,NA,NA,NA,NA,NA,NA,NA,NA,NA,NA,NA
"553","João Gabriel (GOL)","Vitória","2,00",0,"0,00","0,00","0,00",NA,NA,NA,NA,NA,NA,NA,NA,NA,NA,NA,NA,NA,NA,NA,NA,NA,NA
"554","Luis Henrique (ZAG)","América-MG","1,00",0,"0,00","0,00","0,00",NA,NA,NA,NA,NA,NA,NA,NA,NA,NA,NA,NA,NA,NA,NA,NA,NA,NA
"555","Moisés Ribeiro (MEI)","Chapecoense","4,00",0,"0,00","0,00","0,00",NA,NA,NA,NA,NA,NA,NA,NA,NA,NA,NA,NA,NA,NA,NA,NA,NA,NA
"556","Nery Bareiro (ZAG)","Chapecoense","3,80",1,"0,00","0,00","-1,20",NA,NA,NA,NA,1,NA,NA,NA,NA,NA,NA,NA,NA,NA,NA,1,NA,NA
"557","Ricardo Silva (ZAG)","América-MG","3,00",0,"0,00","0,00","0,00",NA,NA,NA,NA,NA,NA,NA,NA,NA,NA,NA,NA,NA,NA,NA,NA,NA,NA
"558","Lepu (MEI)","Bahia","2,00",0,"0,00","0,00","0,00",NA,NA,NA,NA,NA,NA,NA,NA,NA,NA,NA,NA,NA,NA,NA,NA,NA,NA
"559","Romário Rodrigues (ATA)","Ceará","2,00",0,"0,00","0,00","0,00",NA,NA,NA,NA,NA,NA,NA,NA,NA,NA,NA,NA,NA,NA,NA,NA,NA,NA
"560","Marco Túlio (ATA)","Atlético-MG","1,00",0,"0,00","0,00","0,00",NA,NA,NA,NA,NA,NA,NA,NA,NA,NA,NA,NA,NA,NA,NA,NA,NA,NA
"561","Hiago (ZAG)","Chapecoense","2,00",0,"0,00","0,00","0,00",NA,NA,NA,NA,NA,NA,NA,NA,NA,NA,NA,NA,NA,NA,NA,NA,NA,NA
"562","Matheus Mancini (ZAG)","Atlético-MG","3,00",0,"0,00","0,00","0,00",NA,NA,NA,NA,NA,NA,NA,NA,NA,NA,NA,NA,NA,NA,NA,NA,NA,NA
"563","Nonoca (MEI)","Sport","3,00",0,"0,00","0,00","0,00",NA,NA,NA,NA,NA,NA,NA,NA,NA,NA,NA,NA,NA,NA,NA,NA,NA,NA
"564","Ivan (GOL)","Chapecoense","2,00",0,"0,00","0,00","0,00",NA,NA,NA,NA,NA,NA,NA,NA,NA,NA,NA,NA,NA,NA,NA,NA,NA,NA
"565","Matheus Vidotto (GOL)","Corinthians","2,00",0,"0,00","0,00","0,00",NA,NA,NA,NA,NA,NA,NA,NA,NA,NA,NA,NA,NA,NA,NA,NA,NA,NA
"566","Matheus Anjos (MEI)","Atlético-PR","2,00",0,"0,00","0,00","0,00",NA,NA,NA,NA,NA,NA,NA,NA,NA,NA,NA,NA,NA,NA,NA,NA,NA,NA
"567","Erick (GOL)","América-MG","1,00",0,"0,00","0,00","0,00",NA,NA,NA,NA,NA,NA,NA,NA,NA,NA,NA,NA,NA,NA,NA,NA,NA,NA
"568","Rafael (ZAG)","Flamengo","1,00",0,"0,00","0,00","0,00",NA,NA,NA,NA,NA,NA,NA,NA,NA,NA,NA,NA,NA,NA,NA,NA,NA,NA
"569","Vitão (ZAG)","Palmeiras","2,00",0,"0,00","0,00","0,00",NA,NA,NA,NA,NA,NA,NA,NA,NA,NA,NA,NA,NA,NA,NA,NA,NA,NA
"570","Marcos Vinícius  (LAT)","Chapecoense","2,00",0,"0,00","0,00","0,00",NA,NA,NA,NA,NA,NA,NA,NA,NA,NA,NA,NA,NA,NA,NA,NA,NA,NA
"571","Caio (LAT)","Sport","1,00",0,"0,00","0,00","0,00",NA,NA,NA,NA,NA,NA,NA,NA,NA,NA,NA,NA,NA,NA,NA,NA,NA,NA
"572","Estevão (MEI)","Grêmio","1,00",0,"0,00","0,00","0,00",NA,NA,NA,NA,NA,NA,NA,NA,NA,NA,NA,NA,NA,NA,NA,NA,NA,NA
"573","Álvaro (ATA)","Internacional","1,00",0,"0,00","0,00","0,00",NA,NA,NA,NA,NA,NA,NA,NA,NA,NA,NA,NA,NA,NA,NA,NA,NA,NA
"574","Jhemerson (MEI)","Vitória","3,00",0,"0,00","0,00","0,00",NA,NA,NA,NA,NA,NA,NA,NA,NA,NA,NA,NA,NA,NA,NA,NA,NA,NA
"575","Tiepo (GOL)","Chapecoense","2,00",0,"0,00","0,00","0,00",NA,NA,NA,NA,NA,NA,NA,NA,NA,NA,NA,NA,NA,NA,NA,NA,NA,NA
"576","Kendy (ATA)","Chapecoense","1,00",0,"0,00","0,00","0,00",NA,NA,NA,NA,NA,NA,NA,NA,NA,NA,NA,NA,NA,NA,NA,NA,NA,NA
"577","Kanu (ZAG)","Botafogo","2,00",0,"0,00","0,00","0,00",NA,NA,NA,NA,NA,NA,NA,NA,NA,NA,NA,NA,NA,NA,NA,NA,NA,NA
"578","Lucas Silva (ATA)","Flamengo","2,00",0,"0,00","0,00","0,00",NA,NA,NA,NA,NA,NA,NA,NA,NA,NA,NA,NA,NA,NA,NA,NA,NA,NA
"579","Ronald (ATA)","Internacional","1,00",0,"0,00","0,00","0,00",NA,NA,NA,NA,NA,NA,NA,NA,NA,NA,NA,NA,NA,NA,NA,NA,NA,NA
"580","Marquinhos (MEI)","Atlético-MG","1,00",0,"0,00","0,00","0,00",NA,NA,NA,NA,NA,NA,NA,NA,NA,NA,NA,NA,NA,NA,NA,NA,NA,NA
"581","Marcelo (ATA)","Atlético-PR","2,00",0,"0,00","0,00","0,00",NA,NA,NA,NA,NA,NA,NA,NA,NA,NA,NA,NA,NA,NA,NA,NA,NA,NA
"582","Jean Pyerre (MEI)","Grêmio","3,00",0,"0,00","0,00","0,00",NA,NA,NA,NA,NA,NA,NA,NA,NA,NA,NA,NA,NA,NA,NA,NA,NA,NA
"583","Marcelo Benítez (LAT)","Vitória","4,00",0,"0,00","0,00","0,00",NA,NA,NA,NA,NA,NA,NA,NA,NA,NA,NA,NA,NA,NA,NA,NA,NA,NA
"584","Derlan (ZAG)","Grêmio","1,52",1,"0,00","0,00","-0,48",NA,NA,NA,NA,NA,NA,NA,NA,NA,NA,NA,NA,NA,NA,NA,NA,NA,NA
"585","Riuler (LAT)","Atlético-PR","1,00",0,"0,00","0,00","0,00",NA,NA,NA,NA,NA,NA,NA,NA,NA,NA,NA,NA,NA,NA,NA,NA,NA,NA
"586","Alexsander (MEI)","Atlético-PR","1,00",0,"0,00","0,00","0,00",NA,NA,NA,NA,NA,NA,NA,NA,NA,NA,NA,NA,NA,NA,NA,NA,NA,NA
"587","Felipe (ATA)","Fluminense","1,00",0,"0,00","0,00","0,00",NA,NA,NA,NA,NA,NA,NA,NA,NA,NA,NA,NA,NA,NA,NA,NA,NA,NA
"588","Josué (ZAG)","Vitória","2,00",0,"0,00","0,00","0,00",NA,NA,NA,NA,NA,NA,NA,NA,NA,NA,NA,NA,NA,NA,NA,NA,NA,NA
"589","Baralhas (MEI)","Atlético-PR","2,00",0,"0,00","0,00","0,00",NA,NA,NA,NA,NA,NA,NA,NA,NA,NA,NA,NA,NA,NA,NA,NA,NA,NA
"590","Carlos Sánchez (MEI)","Santos","13,00",0,"0,00","0,00","0,00",NA,NA,NA,NA,NA,NA,NA,NA,NA,NA,NA,NA,NA,NA,NA,NA,NA,NA
"591","Diego (GOL)","Botafogo","1,00",0,"0,00","0,00","0,00",NA,NA,NA,NA,NA,NA,NA,NA,NA,NA,NA,NA,NA,NA,NA,NA,NA,NA
"592","Linik (MEI)","Vitória","1,00",0,"0,00","0,00","0,00",NA,NA,NA,NA,NA,NA,NA,NA,NA,NA,NA,NA,NA,NA,NA,NA,NA,NA
"593","Daniel  (ZAG)","Atlético-PR","1,00",0,"0,00","0,00","0,00",NA,NA,NA,NA,NA,NA,NA,NA,NA,NA,NA,NA,NA,NA,NA,NA,NA,NA
"594","Clayton (ATA)","Atlético-MG","6,00",0,"0,00","0,00","0,00",NA,NA,NA,NA,NA,NA,NA,NA,NA,NA,NA,NA,NA,NA,NA,NA,NA,NA
"595","Bruno (LAT)","Chapecoense","1,00",0,"0,00","0,00","0,00",NA,NA,NA,NA,NA,NA,NA,NA,NA,NA,NA,NA,NA,NA,NA,NA,NA,NA
"596","Jean (LAT)","Sport","3,00",0,"0,00","0,00","0,00",NA,NA,NA,NA,NA,NA,NA,NA,NA,NA,NA,NA,NA,NA,NA,NA,NA,NA
"597","Flávio Tanajura (TEC)","Vitória","7,16",0,"0,00","0,00","0,00",NA,NA,NA,NA,NA,NA,NA,NA,NA,NA,NA,NA,NA,NA,NA,NA,NA,NA
"598","Lucas Campos (ATA)","Botafogo","1,00",0,"0,00","0,00","0,00",NA,NA,NA,NA,NA,NA,NA,NA,NA,NA,NA,NA,NA,NA,NA,NA,NA,NA
"599","Patrick (MEI)","Grêmio","2,00",0,"0,00","0,00","0,00",NA,NA,NA,NA,NA,NA,NA,NA,NA,NA,NA,NA,NA,NA,NA,NA,NA,NA
"600","Khevin (MEI)","Chapecoense","2,00",0,"0,00","0,00","0,00",NA,NA,NA,NA,NA,NA,NA,NA,NA,NA,NA,NA,NA,NA,NA,NA,NA,NA
"601","Nenén (MEI)","Grêmio","2,08",2,"0,10","0,00","0,00",NA,NA,NA,NA,2,NA,NA,NA,NA,NA,NA,NA,NA,NA,NA,1,NA,1
"602","Rildo (ATA)","Chapecoense","2,99",2,"0,10","0,00","0,00",NA,NA,NA,NA,8,2,NA,NA,NA,NA,NA,NA,1,NA,NA,1,1,8
"603","Brenner (ATA)","Fluminense","0,76",5,"0,10","0,00","0,00",1,NA,NA,NA,4,1,1,NA,NA,NA,NA,NA,2,NA,NA,2,NA,NA
"604","Lincoln (ATA)","Cruzeiro","2,09",3,"0,07","0,00","0,00",NA,NA,NA,NA,NA,NA,1,NA,NA,NA,NA,NA,NA,NA,NA,2,NA,NA
"605","Juninho Capixaba (LAT)","Flamengo","4,56",2,"0,05","0,00","0,00",3,NA,NA,NA,NA,NA,NA,NA,NA,NA,NA,NA,1,NA,NA,3,NA,3
"606","Marcelo Mattos (MEI)","Cruzeiro","2,00",0,"0,00","0,00","0,00",NA,NA,NA,NA,NA,NA,NA,NA,NA,NA,NA,NA,NA,NA,NA,NA,NA,NA
"607","Nilton (MEI)","Flamengo","7,00",0,"0,00","0,00","0,00",NA,NA,NA,NA,NA,NA,NA,NA,NA,NA,NA,NA,NA,NA,NA,NA,NA,NA
"608","Fernando Leal (GOL)","Palmeiras","3,00",0,"0,00","0,00","0,00",NA,NA,NA,NA,NA,NA,NA,NA,NA,NA,NA,NA,NA,NA,NA,NA,NA,NA
"609","Lima (ZAG)","América-MG","5,00",0,"0,00","0,00","0,00",NA,NA,NA,NA,NA,NA,NA,NA,NA,NA,NA,NA,NA,NA,NA,NA,NA,NA
"610","Fabrício (LAT)","Corinthians","3,47",2,"0,00","0,00","0,00",2,NA,NA,NA,3,NA,NA,NA,NA,NA,NA,NA,1,NA,NA,2,NA,5
"611","Cuca (TEC)","Atlético-PR","10,28",0,"0,00","0,00","0,00",NA,NA,NA,NA,NA,NA,NA,NA,NA,NA,NA,NA,NA,NA,NA,NA,NA,NA
"612","Márcio Azevedo (LAT)","Corinthians","6,00",0,"0,00","0,00","0,00",NA,NA,NA,NA,NA,NA,NA,NA,NA,NA,NA,NA,NA,NA,NA,NA,NA,NA
"613","Vilson (ZAG)","Grêmio","4,00",0,"0,00","0,00","0,00",NA,NA,NA,NA,NA,NA,NA,NA,NA,NA,NA,NA,NA,NA,NA,NA,NA,NA
"614","Pedro Ken (MEI)","São Paulo","5,00",0,"0,00","0,00","0,00",NA,NA,NA,NA,NA,NA,NA,NA,NA,NA,NA,NA,NA,NA,NA,NA,NA,NA
"615","Jackson Caucaia (MEI)","Santos","2,00",0,"0,00","0,00","0,00",NA,NA,NA,NA,NA,NA,NA,NA,NA,NA,NA,NA,NA,NA,NA,NA,NA,NA
"616","Vladimir (GOL)","Santos","6,00",0,"0,00","0,00","0,00",NA,NA,NA,NA,NA,NA,NA,NA,NA,NA,NA,NA,NA,NA,NA,NA,NA,NA
"617","Marllon (ZAG)","Grêmio","7,00",0,"0,00","0,00","0,00",NA,NA,NA,NA,NA,NA,NA,NA,NA,NA,NA,NA,NA,NA,NA,NA,NA,NA
"618","Seijas (MEI)","São Paulo","2,00",0,"0,00","0,00","0,00",NA,NA,NA,NA,NA,NA,NA,NA,NA,NA,NA,NA,NA,NA,NA,NA,NA,NA
"619","Jackson (ZAG)","Grêmio","4,00",0,"0,00","0,00","0,00",NA,NA,NA,NA,NA,NA,NA,NA,NA,NA,NA,NA,NA,NA,NA,NA,NA,NA
"620","Bryan Ruíz (MEI)","Palmeiras","15,00",0,"0,00","0,00","0,00",NA,NA,NA,NA,NA,NA,NA,NA,NA,NA,NA,NA,NA,NA,NA,NA,NA,NA
"621","Gabriel (ZAG)","Grêmio","1,00",0,"0,00","0,00","0,00",NA,NA,NA,NA,NA,NA,NA,NA,NA,NA,NA,NA,NA,NA,NA,NA,NA,NA
"622","Bruno Grassi (GOL)","Grêmio","4,00",0,"0,00","0,00","0,00",NA,NA,NA,NA,NA,NA,NA,NA,NA,NA,NA,NA,NA,NA,NA,NA,NA,NA
"623","Rodolfo (GOL)","Grêmio","3,00",0,"0,00","0,00","0,00",NA,NA,NA,NA,NA,NA,NA,NA,NA,NA,NA,NA,NA,NA,NA,NA,NA,NA
"624","Lenon (LAT)","Palmeiras","3,00",0,"0,00","0,00","0,00",NA,NA,NA,NA,NA,NA,NA,NA,NA,NA,NA,NA,NA,NA,NA,NA,NA,NA
"625","João Paulo (MEI)","Palmeiras","10,00",0,"0,00","0,00","0,00",NA,NA,NA,NA,NA,NA,NA,NA,NA,NA,NA,NA,NA,NA,NA,NA,NA,NA
"626","Juninho (LAT)","Flamengo","3,44",1,"0,00","0,00","0,00",NA,NA,NA,NA,NA,NA,NA,NA,NA,NA,NA,NA,NA,NA,NA,NA,NA,NA
"627","Índio (ATA)","Palmeiras","2,00",0,"0,00","0,00","0,00",NA,NA,NA,NA,NA,NA,NA,NA,NA,NA,NA,NA,NA,NA,NA,NA,NA,NA
"628","Cabezas (ATA)","Atlético-MG","7,00",0,"0,00","0,00","0,00",NA,NA,NA,NA,NA,NA,NA,NA,NA,NA,NA,NA,NA,NA,NA,NA,NA,NA
"629","Luís Fernando (MEI)","Santos","1,00",0,"0,00","0,00","0,00",NA,NA,NA,NA,NA,NA,NA,NA,NA,NA,NA,NA,NA,NA,NA,NA,NA,NA
"630","Deijair  (GOL)","Palmeiras","1,00",0,"0,00","0,00","0,00",NA,NA,NA,NA,NA,NA,NA,NA,NA,NA,NA,NA,NA,NA,NA,NA,NA,NA
"631","Yago (ATA)","Vasco","2,00",0,"0,00","0,00","0,00",NA,NA,NA,NA,NA,NA,NA,NA,NA,NA,NA,NA,NA,NA,NA,NA,NA,NA
"632","Felipinho (MEI)","Internacional","2,00",0,"0,00","0,00","0,00",NA,NA,NA,NA,NA,NA,NA,NA,NA,NA,NA,NA,NA,NA,NA,NA,NA,NA
"633","Bruno Xavier (ATA)","Paraná","2,00",0,"0,00","0,00","0,00",NA,NA,NA,NA,NA,NA,NA,NA,NA,NA,NA,NA,NA,NA,NA,NA,NA,NA
"634","Luquinhas (MEI)","Internacional","1,00",0,"0,00","0,00","0,00",NA,NA,NA,NA,NA,NA,NA,NA,NA,NA,NA,NA,NA,NA,NA,NA,NA,NA
"635","Jhony (MEI)","Botafogo","3,00",0,"0,00","0,00","0,00",NA,NA,NA,NA,NA,NA,NA,NA,NA,NA,NA,NA,NA,NA,NA,NA,NA,NA
"636","Vico (ATA)","Chapecoense","1,00",0,"0,00","0,00","0,00",NA,NA,NA,NA,NA,NA,NA,NA,NA,NA,NA,NA,NA,NA,NA,NA,NA,NA
"637","Vitinho (MEI)","São Paulo","3,00",0,"0,00","0,00","0,00",NA,NA,NA,NA,NA,NA,NA,NA,NA,NA,NA,NA,NA,NA,NA,NA,NA,NA
"638","Felipe (GOL)","Grêmio","1,00",0,"0,00","0,00","0,00",NA,NA,NA,NA,NA,NA,NA,NA,NA,NA,NA,NA,NA,NA,NA,NA,NA,NA
"639","Hugo Borges (ATA)","América-MG","2,00",0,"0,00","0,00","0,00",NA,NA,NA,NA,NA,NA,NA,NA,NA,NA,NA,NA,NA,NA,NA,NA,NA,NA
"640","Charles (MEI)","Grêmio","5,00",0,"0,00","0,00","0,00",NA,NA,NA,NA,NA,NA,NA,NA,NA,NA,NA,NA,NA,NA,NA,NA,NA,NA
"641","Caprini (ATA)","Grêmio","2,00",0,"0,00","0,00","0,00",NA,NA,NA,NA,NA,NA,NA,NA,NA,NA,NA,NA,NA,NA,NA,NA,NA,NA
"642","Pablo Pardal (MEI)","São Paulo","2,00",0,"0,00","0,00","0,00",NA,NA,NA,NA,NA,NA,NA,NA,NA,NA,NA,NA,NA,NA,NA,NA,NA,NA
"643","Cassiano (GOL)","Flamengo","1,00",0,"0,00","0,00","0,00",NA,NA,NA,NA,NA,NA,NA,NA,NA,NA,NA,NA,NA,NA,NA,NA,NA,NA
"644","Gabriel Pires (MEI)","Flamengo","4,00",0,"0,00","0,00","0,00",NA,NA,NA,NA,NA,NA,NA,NA,NA,NA,NA,NA,NA,NA,NA,NA,NA,NA
"645","Rodrigo Figueiredo (MEI)","Flamengo","2,00",0,"0,00","0,00","0,00",NA,NA,NA,NA,NA,NA,NA,NA,NA,NA,NA,NA,NA,NA,NA,NA,NA,NA
"646","Vitinho (ATA)","Atlético-PR","15,00",0,"0,00","0,00","0,00",NA,NA,NA,NA,NA,NA,NA,NA,NA,NA,NA,NA,NA,NA,NA,NA,NA,NA
"647","Alex Amado (ATA)","Flamengo","4,00",0,"0,00","0,00","0,00",NA,NA,NA,NA,NA,NA,NA,NA,NA,NA,NA,NA,NA,NA,NA,NA,NA,NA
"648","Dudu (LAT)","Santos","4,00",0,"0,00","0,00","0,00",NA,NA,NA,NA,NA,NA,NA,NA,NA,NA,NA,NA,NA,NA,NA,NA,NA,NA
"649","Gabriel Furtado (MEI)","Santos","2,00",0,"0,00","0,00","0,00",NA,NA,NA,NA,NA,NA,NA,NA,NA,NA,NA,NA,NA,NA,NA,NA,NA,NA
"650","Gabriel Batista (GOL)","Flamengo","3,00",0,"0,00","0,00","0,00",NA,NA,NA,NA,NA,NA,NA,NA,NA,NA,NA,NA,NA,NA,NA,NA,NA,NA
"651","Felipinho (LAT)","Atlético-PR","1,00",0,"0,00","0,00","0,00",NA,NA,NA,NA,NA,NA,NA,NA,NA,NA,NA,NA,NA,NA,NA,NA,NA,NA
"652","Marcos Calazans (ATA)","Flamengo","3,00",0,"0,00","0,00","0,00",NA,NA,NA,NA,NA,NA,NA,NA,NA,NA,NA,NA,NA,NA,NA,NA,NA,NA
"653","João Gabriel (GOL)","Vitória","2,00",0,"0,00","0,00","0,00",NA,NA,NA,NA,NA,NA,NA,NA,NA,NA,NA,NA,NA,NA,NA,NA,NA,NA
"654","Luis Henrique (ZAG)","Vitória","1,00",0,"0,00","0,00","0,00",NA,NA,NA,NA,NA,NA,NA,NA,NA,NA,NA,NA,NA,NA,NA,NA,NA,NA
"655","Moisés Ribeiro (MEI)","Flamengo","4,00",0,"0,00","0,00","0,00",NA,NA,NA,NA,NA,NA,NA,NA,NA,NA,NA,NA,NA,NA,NA,NA,NA,NA
"656","Nery Bareiro (ZAG)","Vasco","3,80",1,"0,00","0,00","-1,20",NA,NA,NA,NA,1,NA,NA,NA,NA,NA,NA,NA,NA,NA,NA,1,NA,NA
"657","Ricardo Silva (ZAG)","Flamengo","3,00",0,"0,00","0,00","0,00",NA,NA,NA,NA,NA,NA,NA,NA,NA,NA,NA,NA,NA,NA,NA,NA,NA,NA
"658","Lepu (MEI)","Flamengo","2,00",0,"0,00","0,00","0,00",NA,NA,NA,NA,NA,NA,NA,NA,NA,NA,NA,NA,NA,NA,NA,NA,NA,NA
"659","Romário Rodrigues (ATA)","Atlético-MG","2,00",0,"0,00","0,00","0,00",NA,NA,NA,NA,NA,NA,NA,NA,NA,NA,NA,NA,NA,NA,NA,NA,NA,NA
"660","Marco Túlio (ATA)","Fluminense","1,00",0,"0,00","0,00","0,00",NA,NA,NA,NA,NA,NA,NA,NA,NA,NA,NA,NA,NA,NA,NA,NA,NA,NA
"661","Hiago (ZAG)","Grêmio","2,00",0,"0,00","0,00","0,00",NA,NA,NA,NA,NA,NA,NA,NA,NA,NA,NA,NA,NA,NA,NA,NA,NA,NA
"662","Matheus Mancini (ZAG)","Atlético-PR","3,00",0,"0,00","0,00","0,00",NA,NA,NA,NA,NA,NA,NA,NA,NA,NA,NA,NA,NA,NA,NA,NA,NA,NA
"663","Nonoca (MEI)","Internacional","3,00",0,"0,00","0,00","0,00",NA,NA,NA,NA,NA,NA,NA,NA,NA,NA,NA,NA,NA,NA,NA,NA,NA,NA
"664","Ivan (GOL)","Grêmio","2,00",0,"0,00","0,00","0,00",NA,NA,NA,NA,NA,NA,NA,NA,NA,NA,NA,NA,NA,NA,NA,NA,NA,NA
"665","Matheus Vidotto (GOL)","Ceará","2,00",0,"0,00","0,00","0,00",NA,NA,NA,NA,NA,NA,NA,NA,NA,NA,NA,NA,NA,NA,NA,NA,NA,NA
"666","Matheus Anjos (MEI)","Atlético-PR","2,00",0,"0,00","0,00","0,00",NA,NA,NA,NA,NA,NA,NA,NA,NA,NA,NA,NA,NA,NA,NA,NA,NA,NA
"667","Erick (GOL)","Vasco","1,00",0,"0,00","0,00","0,00",NA,NA,NA,NA,NA,NA,NA,NA,NA,NA,NA,NA,NA,NA,NA,NA,NA,NA
"668","Rafael (ZAG)","Vitória","1,00",0,"0,00","0,00","0,00",NA,NA,NA,NA,NA,NA,NA,NA,NA,NA,NA,NA,NA,NA,NA,NA,NA,NA
"669","Vitão (ZAG)","Grêmio","2,00",0,"0,00","0,00","0,00",NA,NA,NA,NA,NA,NA,NA,NA,NA,NA,NA,NA,NA,NA,NA,NA,NA,NA
"670","Marcos Vinícius  (LAT)","Grêmio","2,00",0,"0,00","0,00","0,00",NA,NA,NA,NA,NA,NA,NA,NA,NA,NA,NA,NA,NA,NA,NA,NA,NA,NA
"671","Caio (LAT)","Vasco","1,00",0,"0,00","0,00","0,00",NA,NA,NA,NA,NA,NA,NA,NA,NA,NA,NA,NA,NA,NA,NA,NA,NA,NA
"672","Estevão (MEI)","Botafogo","1,00",0,"0,00","0,00","0,00",NA,NA,NA,NA,NA,NA,NA,NA,NA,NA,NA,NA,NA,NA,NA,NA,NA,NA
"673","Álvaro (ATA)","Vasco","1,00",0,"0,00","0,00","0,00",NA,NA,NA,NA,NA,NA,NA,NA,NA,NA,NA,NA,NA,NA,NA,NA,NA,NA
"674","Jhemerson (MEI)","Atlético-PR","3,00",0,"0,00","0,00","0,00",NA,NA,NA,NA,NA,NA,NA,NA,NA,NA,NA,NA,NA,NA,NA,NA,NA,NA
"675","Tiepo (GOL)","Grêmio","2,00",0,"0,00","0,00","0,00",NA,NA,NA,NA,NA,NA,NA,NA,NA,NA,NA,NA,NA,NA,NA,NA,NA,NA
"676","Kendy (ATA)","Vasco","1,00",0,"0,00","0,00","0,00",NA,NA,NA,NA,NA,NA,NA,NA,NA,NA,NA,NA,NA,NA,NA,NA,NA,NA
"677","Kanu (ZAG)","Vitória","2,00",0,"0,00","0,00","0,00",NA,NA,NA,NA,NA,NA,NA,NA,NA,NA,NA,NA,NA,NA,NA,NA,NA,NA
"678","Lucas Silva (ATA)","América-MG","2,00",0,"0,00","0,00","0,00",NA,NA,NA,NA,NA,NA,NA,NA,NA,NA,NA,NA,NA,NA,NA,NA,NA,NA
"679","Ronald (ATA)","Fluminense","1,00",0,"0,00","0,00","0,00",NA,NA,NA,NA,NA,NA,NA,NA,NA,NA,NA,NA,NA,NA,NA,NA,NA,NA
"680","Marquinhos (MEI)","Grêmio","1,00",0,"0,00","0,00","0,00",NA,NA,NA,NA,NA,NA,NA,NA,NA,NA,NA,NA,NA,NA,NA,NA,NA,NA
"681","Marcelo (ATA)","Atlético-PR","2,00",0,"0,00","0,00","0,00",NA,NA,NA,NA,NA,NA,NA,NA,NA,NA,NA,NA,NA,NA,NA,NA,NA,NA
"682","Jean Pyerre (MEI)","Santos","3,00",0,"0,00","0,00","0,00",NA,NA,NA,NA,NA,NA,NA,NA,NA,NA,NA,NA,NA,NA,NA,NA,NA,NA
"683","Marcelo Benítez (LAT)","Chapecoense","4,00",0,"0,00","0,00","0,00",NA,NA,NA,NA,NA,NA,NA,NA,NA,NA,NA,NA,NA,NA,NA,NA,NA,NA
"684","Derlan (ZAG)","Botafogo","1,52",1,"0,00","0,00","-0,48",NA,NA,NA,NA,NA,NA,NA,NA,NA,NA,NA,NA,NA,NA,NA,NA,NA,NA
"685","Riuler (LAT)","Chapecoense","1,00",0,"0,00","0,00","0,00",NA,NA,NA,NA,NA,NA,NA,NA,NA,NA,NA,NA,NA,NA,NA,NA,NA,NA
"686","Alexsander (MEI)","Corinthians","1,00",0,"0,00","0,00","0,00",NA,NA,NA,NA,NA,NA,NA,NA,NA,NA,NA,NA,NA,NA,NA,NA,NA,NA
"687","Felipe (ATA)","São Paulo","1,00",0,"0,00","0,00","0,00",NA,NA,NA,NA,NA,NA,NA,NA,NA,NA,NA,NA,NA,NA,NA,NA,NA,NA
"688","Josué (ZAG)","São Paulo","2,00",0,"0,00","0,00","0,00",NA,NA,NA,NA,NA,NA,NA,NA,NA,NA,NA,NA,NA,NA,NA,NA,NA,NA
"689","Baralhas (MEI)","Santos","2,00",0,"0,00","0,00","0,00",NA,NA,NA,NA,NA,NA,NA,NA,NA,NA,NA,NA,NA,NA,NA,NA,NA,NA
"690","Carlos Sánchez (MEI)","Grêmio","13,00",0,"0,00","0,00","0,00",NA,NA,NA,NA,NA,NA,NA,NA,NA,NA,NA,NA,NA,NA,NA,NA,NA,NA
"691","Diego (GOL)","Ceará","1,00",0,"0,00","0,00","0,00",NA,NA,NA,NA,NA,NA,NA,NA,NA,NA,NA,NA,NA,NA,NA,NA,NA,NA
"692","Linik (MEI)","São Paulo","1,00",0,"0,00","0,00","0,00",NA,NA,NA,NA,NA,NA,NA,NA,NA,NA,NA,NA,NA,NA,NA,NA,NA,NA
"693","Daniel  (ZAG)","Flamengo","1,00",0,"0,00","0,00","0,00",NA,NA,NA,NA,NA,NA,NA,NA,NA,NA,NA,NA,NA,NA,NA,NA,NA,NA
"694","Clayton (ATA)","Paraná","6,00",0,"0,00","0,00","0,00",NA,NA,NA,NA,NA,NA,NA,NA,NA,NA,NA,NA,NA,NA,NA,NA,NA,NA
"695","Bruno (LAT)","América-MG","1,00",0,"0,00","0,00","0,00",NA,NA,NA,NA,NA,NA,NA,NA,NA,NA,NA,NA,NA,NA,NA,NA,NA,NA
"696","Jean (LAT)","Palmeiras","3,00",0,"0,00","0,00","0,00",NA,NA,NA,NA,NA,NA,NA,NA,NA,NA,NA,NA,NA,NA,NA,NA,NA,NA
"697","Flávio Tanajura (TEC)","Corinthians","7,16",0,"0,00","0,00","0,00",NA,NA,NA,NA,NA,NA,NA,NA,NA,NA,NA,NA,NA,NA,NA,NA,NA,NA
"698","Lucas Campos (ATA)","Santos","1,00",0,"0,00","0,00","0,00",NA,NA,NA,NA,NA,NA,NA,NA,NA,NA,NA,NA,NA,NA,NA,NA,NA,NA
"699","Patrick (MEI)","Atlético-PR","2,00",0,"0,00","0,00","0,00",NA,NA,NA,NA,NA,NA,NA,NA,NA,NA,NA,NA,NA,NA,NA,NA,NA,NA
"700","Khevin (MEI)","Internacional","2,00",0,"0,00","0,00","0,00",NA,NA,NA,NA,NA,NA,NA,NA,NA,NA,NA,NA,NA,NA,NA,NA,NA,NA
"701","Patrick (LAT)","Cruzeiro","1,50",1,"0,00","0,00","0,00",NA,NA,NA,NA,1,NA,NA,NA,NA,NA,NA,NA,NA,NA,NA,1,NA,NA
"702","Neto (ZAG)","Chapecoense","2,00",0,"0,00","0,00","0,00",NA,NA,NA,NA,NA,NA,NA,NA,NA,NA,NA,NA,NA,NA,NA,NA,NA,NA
"703","Lincoln (MEI)","Grêmio","4,00",0,"0,00","0,00","0,00",NA,NA,NA,NA,NA,NA,NA,NA,NA,NA,NA,NA,NA,NA,NA,NA,NA,NA
"704","Alan Cardoso (LAT)","Vasco","3,00",0,"0,00","0,00","0,00",NA,NA,NA,NA,NA,NA,NA,NA,NA,NA,NA,NA,NA,NA,NA,NA,NA,NA
"705","Michael (GOL)","Atlético-MG","1,00",0,"0,00","0,00","0,00",NA,NA,NA,NA,NA,NA,NA,NA,NA,NA,NA,NA,NA,NA,NA,NA,NA,NA
"706","Vitor Eudes (GOL)","Cruzeiro","1,00",0,"0,00","0,00","0,00",NA,NA,NA,NA,NA,NA,NA,NA,NA,NA,NA,NA,NA,NA,NA,NA,NA,NA
"707","Matheus Lira (MEI)","Ceará","1,00",0,"0,00","0,00","0,00",NA,NA,NA,NA,NA,NA,NA,NA,NA,NA,NA,NA,NA,NA,NA,NA,NA,NA
"708","Maurício (MEI)","Ceará","1,00",0,"0,00","0,00","0,00",NA,NA,NA,NA,NA,NA,NA,NA,NA,NA,NA,NA,NA,NA,NA,NA,NA,NA
"709","Gabriel (GOL)","Atlético-PR","1,00",0,"0,00","0,00","0,00",NA,NA,NA,NA,NA,NA,NA,NA,NA,NA,NA,NA,NA,NA,NA,NA,NA,NA
"710","Lucas Halter (ZAG)","Atlético-PR","1,00",0,"0,00","0,00","0,00",NA,NA,NA,NA,NA,NA,NA,NA,NA,NA,NA,NA,NA,NA,NA,NA,NA,NA
"711","Cleiton (GOL)","Atlético-MG","2,00",0,"0,00","0,00","0,00",NA,NA,NA,NA,NA,NA,NA,NA,NA,NA,NA,NA,NA,NA,NA,NA,NA,NA
"712","Lucas França (GOL)","Cruzeiro","3,00",0,"0,00","0,00","0,00",NA,NA,NA,NA,NA,NA,NA,NA,NA,NA,NA,NA,NA,NA,NA,NA,NA,NA
"713","Bruno Leite (MEI)","Atlético-PR","1,00",0,"0,00","0,00","0,00",NA,NA,NA,NA,NA,NA,NA,NA,NA,NA,NA,NA,NA,NA,NA,NA,NA,NA
"714","Keiller (GOL)","Internacional","3,00",0,"0,00","0,00","0,00",NA,NA,NA,NA,NA,NA,NA,NA,NA,NA,NA,NA,NA,NA,NA,NA,NA,NA
"715","Sergio Díaz (ATA)","Corinthians","5,00",0,"0,00","0,00","0,00",NA,NA,NA,NA,NA,NA,NA,NA,NA,NA,NA,NA,NA,NA,NA,NA,NA,NA
"716","Mikael (ATA)","Sport","1,00",0,"0,00","0,00","0,00",NA,NA,NA,NA,NA,NA,NA,NA,NA,NA,NA,NA,NA,NA,NA,NA,NA,NA
"717","John Victor (GOL)","Santos","1,00",0,"0,00","0,00","0,00",NA,NA,NA,NA,NA,NA,NA,NA,NA,NA,NA,NA,NA,NA,NA,NA,NA,NA
"718","Lucas Ferreira (GOL)","Sport","2,00",0,"0,00","0,00","0,00",NA,NA,NA,NA,NA,NA,NA,NA,NA,NA,NA,NA,NA,NA,NA,NA,NA,NA
"719","Ronaldo (LAT)","América-MG","1,00",0,"0,00","0,00","0,00",NA,NA,NA,NA,NA,NA,NA,NA,NA,NA,NA,NA,NA,NA,NA,NA,NA,NA
"720","Cacá (ZAG)","Cruzeiro","1,00",0,"0,00","0,00","0,00",NA,NA,NA,NA,NA,NA,NA,NA,NA,NA,NA,NA,NA,NA,NA,NA,NA,NA
"721","Araos (MEI)","Corinthians","7,00",0,"0,00","0,00","0,00",NA,NA,NA,NA,NA,NA,NA,NA,NA,NA,NA,NA,NA,NA,NA,NA,NA,NA
"722","Perotti (ATA)","Chapecoense","2,00",0,"0,00","0,00","0,00",NA,NA,NA,NA,NA,NA,NA,NA,NA,NA,NA,NA,NA,NA,NA,NA,NA,NA
"723","Macula (ATA)","Fluminense","1,00",0,"0,00","0,00","0,00",NA,NA,NA,NA,NA,NA,NA,NA,NA,NA,NA,NA,NA,NA,NA,NA,NA,NA
"724","Igor Gomes (MEI)","São Paulo","1,00",0,"0,00","0,00","0,00",NA,NA,NA,NA,NA,NA,NA,NA,NA,NA,NA,NA,NA,NA,NA,NA,NA,NA
"725","Éder  (ZAG)","Atlético-PR","3,00",0,"0,00","0,00","0,00",NA,NA,NA,NA,NA,NA,NA,NA,NA,NA,NA,NA,NA,NA,NA,NA,NA,NA
"726","Thiago (GOL)","Flamengo","4,00",0,"0,00","0,00","0,00",NA,NA,NA,NA,NA,NA,NA,NA,NA,NA,NA,NA,NA,NA,NA,NA,NA,NA
"727","Luis David (ATA)","Ceará","1,00",0,"0,00","0,00","0,00",NA,NA,NA,NA,NA,NA,NA,NA,NA,NA,NA,NA,NA,NA,NA,NA,NA,NA
"728","Fernando Henrique (GOL)","Ceará","3,00",0,"0,00","0,00","0,00",NA,NA,NA,NA,NA,NA,NA,NA,NA,NA,NA,NA,NA,NA,NA,NA,NA,NA
"729","Kevin (LAT)","Atlético-MG","1,00",0,"0,00","0,00","0,00",NA,NA,NA,NA,NA,NA,NA,NA,NA,NA,NA,NA,NA,NA,NA,NA,NA,NA
"730","Lucas Perri (GOL)","São Paulo","1,00",0,"0,00","0,00","0,00",NA,NA,NA,NA,NA,NA,NA,NA,NA,NA,NA,NA,NA,NA,NA,NA,NA,NA
"731","Jonathan (LAT)","Botafogo","2,00",0,"0,00","0,00","0,00",NA,NA,NA,NA,NA,NA,NA,NA,NA,NA,NA,NA,NA,NA,NA,NA,NA,NA
"732","Léo Xavier (ZAG)","Vitória","1,00",0,"0,00","0,00","0,00",NA,NA,NA,NA,NA,NA,NA,NA,NA,NA,NA,NA,NA,NA,NA,NA,NA,NA
"733","Renan (GOL)","Ceará","4,00",0,"0,00","0,00","0,00",NA,NA,NA,NA,NA,NA,NA,NA,NA,NA,NA,NA,NA,NA,NA,NA,NA,NA
"734","Diego (GOL)","Vitória","1,00",0,"0,00","0,00","0,00",NA,NA,NA,NA,NA,NA,NA,NA,NA,NA,NA,NA,NA,NA,NA,NA,NA,NA
"735","Yago Darub (GOL)","Flamengo","1,00",0,"0,00","0,00","0,00",NA,NA,NA,NA,NA,NA,NA,NA,NA,NA,NA,NA,NA,NA,NA,NA,NA,NA
"736","Fernando Castro (GOL)","Bahia","1,00",0,"0,00","0,00","0,00",NA,NA,NA,NA,NA,NA,NA,NA,NA,NA,NA,NA,NA,NA,NA,NA,NA,NA
"737","Rafinha (MEI)","Ceará","3,00",0,"0,00","0,00","0,00",NA,NA,NA,NA,NA,NA,NA,NA,NA,NA,NA,NA,NA,NA,NA,NA,NA,NA
"738","Fred (ATA)","Cruzeiro","16,00",0,"0,00","0,00","0,00",NA,NA,NA,NA,NA,NA,NA,NA,NA,NA,NA,NA,NA,NA,NA,NA,NA,NA
"739","Fernando Prass (GOL)","Palmeiras","12,00",0,"0,00","0,00","0,00",NA,NA,NA,NA,NA,NA,NA,NA,NA,NA,NA,NA,NA,NA,NA,NA,NA,NA
"740","Adryelson (ZAG)","Sport","3,00",0,"0,00","0,00","0,00",NA,NA,NA,NA,NA,NA,NA,NA,NA,NA,NA,NA,NA,NA,NA,NA,NA,NA
"741","Pilar (ATA)","América-MG","2,00",0,"0,00","0,00","0,00",NA,NA,NA,NA,NA,NA,NA,NA,NA,NA,NA,NA,NA,NA,NA,NA,NA,NA
"742","Caíque França (GOL)","Corinthians","2,00",0,"0,00","0,00","0,00",NA,NA,NA,NA,NA,NA,NA,NA,NA,NA,NA,NA,NA,NA,NA,NA,NA,NA
"743","Diego Ferreira (LAT)","Atlético-PR","3,00",0,"0,00","0,00","0,00",NA,NA,NA,NA,NA,NA,NA,NA,NA,NA,NA,NA,NA,NA,NA,NA,NA,NA
"744","Leandrinho (ATA)","Atlético-MG","3,00",0,"0,00","0,00","0,00",NA,NA,NA,NA,NA,NA,NA,NA,NA,NA,NA,NA,NA,NA,NA,NA,NA,NA
"745","Rodrigo Fernandes (MEI)","Vasco","1,00",0,"0,00","0,00","0,00",NA,NA,NA,NA,NA,NA,NA,NA,NA,NA,NA,NA,NA,NA,NA,NA,NA,NA
"746","Gabriel Félix (GOL)","Vasco","3,00",0,"0,00","0,00","0,00",NA,NA,NA,NA,NA,NA,NA,NA,NA,NA,NA,NA,NA,NA,NA,NA,NA,NA
"747","Dudu (MEI)","Vasco","2,00",0,"0,00","0,00","0,00",NA,NA,NA,NA,NA,NA,NA,NA,NA,NA,NA,NA,NA,NA,NA,NA,NA,NA
"748","Nicolás Freire (ZAG)","Palmeiras","4,00",0,"0,00","0,00","0,00",NA,NA,NA,NA,NA,NA,NA,NA,NA,NA,NA,NA,NA,NA,NA,NA,NA,NA
"749","Diogo Vitor (ATA)","Santos","2,00",0,"0,00","0,00","0,00",NA,NA,NA,NA,NA,NA,NA,NA,NA,NA,NA,NA,NA,NA,NA,NA,NA,NA
"750","Giovanny  (ATA)","Atlético-PR","4,00",0,"0,00","0,00","0,00",NA,NA,NA,NA,NA,NA,NA,NA,NA,NA,NA,NA,NA,NA,NA,NA,NA,NA
"751","Luis Henrique (ATA)","Grêmio","2,00",0,"0,00","0,00","0,00",NA,NA,NA,NA,NA,NA,NA,NA,NA,NA,NA,NA,NA,NA,NA,NA,NA,NA
"752","Gabriel Barbosa (ATA)","Palmeiras","1,00",0,"0,00","0,00","0,00",NA,NA,NA,NA,NA,NA,NA,NA,NA,NA,NA,NA,NA,NA,NA,NA,NA,NA
"753","Sabino (ZAG)","América-MG","2,00",0,"0,00","0,00","0,00",NA,NA,NA,NA,NA,NA,NA,NA,NA,NA,NA,NA,NA,NA,NA,NA,NA,NA
"754","De Amores (GOL)","Fluminense","3,00",0,"0,00","0,00","0,00",NA,NA,NA,NA,NA,NA,NA,NA,NA,NA,NA,NA,NA,NA,NA,NA,NA,NA
"755","Zé Ricardo (MEI)","Fluminense","1,00",0,"0,00","0,00","0,00",NA,NA,NA,NA,NA,NA,NA,NA,NA,NA,NA,NA,NA,NA,NA,NA,NA,NA
"756","Ruan Marvyn (ZAG)","Atlético-MG","2,00",0,"0,00","0,00","0,00",NA,NA,NA,NA,NA,NA,NA,NA,NA,NA,NA,NA,NA,NA,NA,NA,NA,NA
"757","César (LAT)","Fluminense","1,00",0,"0,00","0,00","0,00",NA,NA,NA,NA,NA,NA,NA,NA,NA,NA,NA,NA,NA,NA,NA,NA,NA,NA
"758","Breno (ZAG)","Vasco","3,00",5,"-0,04","-0,60","-0,77",6,NA,NA,1,4,NA,NA,NA,NA,NA,NA,1,3,NA,NA,5,NA,9
"759","Marcelo (ATA)","Cruzeiro","0,75",3,"-0,07","0,00","0,00",2,NA,NA,NA,NA,NA,NA,NA,NA,NA,NA,NA,NA,NA,NA,4,NA,4
"760","Alex Baumjohann (MEI)","Vitória","1,65",3,"-0,10","0,00","0,00",NA,NA,NA,NA,1,1,1,NA,NA,NA,NA,NA,NA,NA,NA,5,NA,1
"761","Marcelo Oliveira (LAT)","Grêmio","2,48",4,"-0,13","0,00","0,00",6,NA,NA,NA,1,1,NA,NA,NA,NA,NA,NA,2,NA,NA,10,NA,6
"762","David (ATA)","Cruzeiro","3,17",4,"-0,15","-0,10","-0,11",1,NA,NA,NA,2,NA,2,NA,NA,NA,NA,NA,NA,NA,NA,1,4,10
"763","D'Alessandro (MEI)","Internacional","4,52",6,"-0,17","0,00","0,00",2,NA,NA,NA,7,3,1,NA,NA,NA,NA,1,NA,NA,NA,1,1,17
"764","Jean Lucas (MEI)","Flamengo","0,83",11,"-0,17","-0,30","-0,05",2,NA,NA,NA,4,NA,1,NA,NA,NA,NA,NA,1,NA,NA,8,NA,7
"765","Arouca (MEI)","Vitória","2,91",4,"-0,22","0,60","-0,55",5,NA,NA,NA,2,NA,NA,NA,NA,NA,NA,NA,2,NA,NA,5,1,8
"766","Reina (MEI)","Ceará","1,27",7,"-0,24","0,00","0,00",2,NA,NA,NA,4,NA,1,NA,NA,NA,NA,NA,1,NA,NA,7,NA,8
"767","Airton (MEI)","Fluminense","2,52",2,"-0,30","0,00","0,00",2,NA,NA,NA,1,NA,NA,NA,NA,NA,NA,NA,1,NA,NA,3,NA,2
"768","Léo Ortiz (ZAG)","Sport","2,04",5,"-0,30","-0,90","-0,57",3,NA,NA,NA,NA,NA,NA,NA,NA,NA,NA,NA,1,NA,NA,2,NA,10
"769","Erik (ATA)","Atlético-MG","1,78",5,"-0,34","0,00","0,00",NA,NA,NA,NA,4,1,NA,NA,NA,NA,NA,NA,NA,NA,NA,5,1,5
"770","Walter Bou (ATA)","Vitória","4,85",2,"-0,35","0,00","0,00",NA,NA,NA,NA,2,NA,2,NA,NA,NA,NA,NA,1,NA,NA,3,NA,2
"771","Capixaba (ATA)","América-MG","1,66",3,"-0,40","0,00","0,00",NA,NA,NA,NA,2,NA,NA,NA,NA,NA,NA,NA,NA,NA,NA,2,NA,4
"772","Wesley Dias (MEI)","Paraná","0,75",5,"-0,40","0,00","0,00",3,NA,NA,NA,6,NA,NA,NA,NA,NA,NA,NA,1,NA,NA,9,NA,10
"773","Papagaio (ATA)","Palmeiras","1,23",2,"-0,40","0,00","0,00",NA,NA,NA,NA,NA,NA,NA,NA,NA,NA,NA,NA,NA,NA,NA,1,NA,1
"774","Douglas Grolli (ZAG)","Bahia","2,00",2,"-0,45","-1,10","-0,89",2,NA,NA,NA,1,NA,NA,NA,NA,NA,NA,NA,1,NA,NA,3,NA,3
"775","Dudu Cearense (MEI)","Botafogo","2,91",1,"-0,50","0,00","0,00",NA,NA,NA,NA,NA,NA,NA,NA,NA,NA,NA,NA,NA,NA,NA,1,NA,NA
"776","Renan Oliveira (MEI)","América-MG","3,50",1,"-0,50","0,00","0,00",NA,NA,NA,NA,NA,NA,NA,NA,NA,NA,NA,NA,NA,NA,NA,1,NA,NA
"777","Matheusinho (MEI)","América-MG","2,97",1,"-0,50","0,00","0,00",NA,NA,NA,NA,NA,NA,NA,NA,NA,NA,NA,NA,NA,NA,NA,1,NA,NA
"778","Aguirre (ATA)","Botafogo","0,91",10,"-0,62","3,20","0,14",3,NA,NA,NA,8,5,5,NA,NA,NA,NA,2,2,NA,NA,16,NA,9
"779","Jael (ATA)","Grêmio","1,95",6,"-0,68","0,00","0,00",NA,NA,NA,NA,3,1,1,NA,NA,NA,NA,NA,1,NA,NA,4,NA,12
"780","Romulo (MEI)","Flamengo","2,16",3,"-0,70","0,00","0,00",1,NA,NA,NA,NA,NA,NA,NA,NA,NA,NA,NA,1,NA,NA,2,NA,2
"781","Kaio (MEI)","Grêmio","1,97",2,"-0,75","0,00","0,00",1,NA,NA,NA,NA,NA,NA,NA,NA,NA,NA,NA,1,NA,NA,2,NA,NA
"782","Bruno Silva (MEI)","Vasco","0,87",4,"-0,88","0,00","0,00",2,NA,NA,NA,2,1,NA,NA,NA,NA,NA,NA,1,NA,NA,6,NA,11
"783","Juninho Piauiense (ATA)","Ceará","2,22",2,"-0,90","0,00","0,00",1,NA,NA,NA,NA,NA,NA,NA,NA,NA,NA,NA,1,NA,NA,2,NA,1
"784","Wesley (MEI)","América-MG","0,77",8,"-0,96","0,00","0,00",3,NA,NA,NA,9,2,NA,NA,NA,NA,NA,2,1,NA,NA,6,1,9
"785","Paulo Vitor (ATA)","Vasco","2,17",3,"-0,97","-0,80","-0,13",NA,NA,NA,NA,1,NA,NA,NA,NA,NA,NA,NA,NA,NA,NA,5,NA,3
"786","Bruno (LAT)","Bahia","2,21",3,"-1,07","-3,80","-1,18",2,NA,NA,NA,4,NA,NA,NA,NA,NA,NA,NA,1,NA,NA,7,NA,9
"787","Dudu (ATA)","Fluminense","1,28",1,"-1,10","0,00","0,00",NA,NA,NA,NA,NA,NA,NA,NA,NA,NA,NA,NA,NA,NA,NA,1,NA,2
"788","Uendel (LAT)","Internacional","4,17",1,"-1,20","0,00","0,00",NA,NA,NA,NA,NA,NA,NA,NA,NA,NA,NA,NA,NA,NA,NA,NA,NA,4
"789","Luan (MEI)","São Paulo","0,76",2,"-1,25","0,00","-0,01",1,NA,NA,NA,NA,NA,NA,NA,NA,NA,NA,NA,1,NA,NA,1,NA,5
"790","Marcelo Meli (MEI)","Vitória","4,47",2,"-1,30","-0,80","-0,34",NA,NA,NA,NA,NA,NA,1,NA,NA,NA,NA,NA,1,NA,NA,3,NA,1
"791","Douglas (MEI)","Grêmio","4,68",3,"-1,43","-1,00","0,10",NA,NA,NA,NA,2,1,NA,NA,NA,NA,NA,NA,1,NA,NA,1,NA,12
"792","Daniel (GOL)","Internacional","0,75",1,"-1,50","0,00","0,00",NA,NA,NA,NA,1,NA,NA,NA,NA,NA,NA,NA,NA,NA,1,NA,NA,NA
"793","Luiz Felipe (ZAG)","Santos","2,71",1,"-1,80","0,00","0,00",1,NA,NA,NA,NA,NA,NA,NA,NA,NA,NA,NA,1,NA,NA,2,NA,1
"794","Lucas Cândido (MEI)","Atlético-MG","0,80",2,"-2,00","0,00","0,00",1,NA,NA,NA,1,NA,NA,NA,NA,NA,NA,1,NA,NA,NA,2,NA,NA
"795","Jean (GOL)","São Paulo","5,73",1,"-2,00","0,00","0,00",NA,NA,NA,NA,NA,NA,NA,NA,NA,NA,NA,NA,NA,NA,1,NA,NA,NA
"796","Doffo (MEI)","Chapecoense","0,83",1,"-2,30","0,00","0,00",NA,NA,NA,NA,2,NA,NA,NA,NA,NA,NA,NA,1,NA,NA,2,NA,1
"797","Ítalo (ATA)","Bahia","0,75",2,"-2,90","0,00","0,00",1,NA,NA,NA,NA,NA,NA,NA,NA,NA,NA,1,NA,NA,NA,3,1,1
"798","Moresche (MEI)","Vasco","0,74",2,"-2,90","0,00","0,00",NA,NA,NA,NA,NA,NA,NA,NA,NA,NA,NA,1,NA,NA,NA,1,NA,1
"799","Barreto (MEI)","Chapecoense","0,90",1,"-3,00","0,00","0,00",NA,NA,NA,NA,NA,NA,NA,NA,NA,NA,NA,NA,1,NA,NA,2,NA,NA
"800","David (GOL)","Paraná","0,73",3,"-3,20","0,00","0,00",NA,NA,NA,NA,NA,NA,NA,NA,1,NA,NA,NA,NA,NA,6,NA,NA,2
"801","Edinho (MEI)","Ceará","2,71",1,"-3,60","-3,60","-2,29",1,NA,NA,NA,1,NA,NA,NA,NA,NA,NA,NA,1,NA,NA,6,NA,2
"802","Luis Carlos (GOL)","Paraná","0,70",1,"-4,00","0,00","0,00",NA,NA,NA,NA,NA,NA,NA,NA,NA,NA,NA,NA,NA,NA,2,NA,NA,NA
"803","César (GOL)","Flamengo","3,35",1,"-6,60","0,00","0,00",NA,NA,NA,NA,NA,NA,NA,NA,NA,NA,NA,NA,NA,NA,3,NA,NA,2
